scenario,period,mean_theta,attention_share,offline_social_capital,mean_fitness,subjective_satisfaction,entropy
I1_reproduce_static_no_transition,0,0.35006946695581853,0.35006946695581853,0.6499305330441815,1.0,0.5368883666060529,0.79576731712824
I1_reproduce_static_no_transition,1,0.3500694683196331,0.3500694683196331,0.649930531680367,1.0,0.5368888314789063,0.7957708616362402
I1_reproduce_static_no_transition,2,0.35006946968417973,0.35006946968417973,0.6499305303158203,1.0,0.5368892963517377,0.7957744060227728
I1_reproduce_static_no_transition,3,0.35006947104945807,0.35006947104945807,0.6499305289505419,1.0,0.5368897612245498,0.7957779502878595
I1_reproduce_static_no_transition,4,0.3500694724154677,0.3500694724154677,0.6499305275845323,1.0,0.5368902260973455,0.7957814944315217
I1_reproduce_static_no_transition,5,0.3500694737822082,0.3500694737822082,0.6499305262177918,1.0,0.5368906909701278,0.7957850384537808
I1_reproduce_static_no_transition,6,0.35006947514967923,0.35006947514967923,0.6499305248503208,1.0,0.5368911558428994,0.7957885823546582
I1_reproduce_static_no_transition,7,0.3500694765178804,0.3500694765178804,0.6499305234821195,1.0,0.5368916207156631,0.795792126134175
I1_reproduce_static_no_transition,8,0.3500694778868112,0.3500694778868112,0.6499305221131888,0.9999999999999999,0.5368920855884218,0.7957956697923526
I1_reproduce_static_no_transition,9,0.3500694792564715,0.3500694792564715,0.6499305207435284,1.0,0.5368925504611786,0.7957992133292121
I1_reproduce_static_no_transition,10,0.3500694806268608,0.3500694806268608,0.6499305193731393,1.0,0.5368930153339359,0.7958027567447745
I1_reproduce_static_no_transition,11,0.35006948199797855,0.35006948199797855,0.6499305180020214,1.0,0.5368934802066967,0.7958063000390609
I1_reproduce_static_no_transition,12,0.3500694833698246,0.3500694833698246,0.6499305166301754,1.0,0.5368939450794639,0.7958098432120925
I1_reproduce_static_no_transition,13,0.35006948474239846,0.35006948474239846,0.6499305152576016,1.0,0.5368944099522402,0.7958133862638899
I1_reproduce_static_no_transition,14,0.35006948611569977,0.35006948611569977,0.6499305138843002,1.0,0.5368948748250285,0.7958169291944741
I1_reproduce_static_no_transition,15,0.3500694874897282,0.3500694874897282,0.6499305125102718,1.0,0.5368953396978314,0.7958204720038661
I1_reproduce_static_no_transition,16,0.3500694888644833,0.3500694888644833,0.6499305111355167,1.0,0.536895804570652,0.7958240146920862
I1_reproduce_static_no_transition,17,0.35006949023996475,0.35006949023996475,0.6499305097600352,1.0,0.5368962694434929,0.7958275572591555
I1_reproduce_static_no_transition,18,0.3500694916161721,0.3500694916161721,0.6499305083838278,1.0,0.5368967343163569,0.7958310997050947
I1_reproduce_static_no_transition,19,0.3500694929931051,0.3500694929931051,0.6499305070068949,1.0,0.5368971991892466,0.795834642029924
I1_reproduce_static_no_transition,20,0.35006949437076323,0.35006949437076323,0.6499305056292368,1.0,0.536897664062165,0.7958381842336643
I1_reproduce_static_no_transition,21,0.35006949574914625,0.35006949574914625,0.6499305042508537,1.0,0.5368981289351148,0.7958417263163357
I1_reproduce_static_no_transition,22,0.3500694971282537,0.3500694971282537,0.6499305028717464,1.0,0.5368985938080988,0.7958452682779589
I1_reproduce_static_no_transition,23,0.3500694985080851,0.3500694985080851,0.6499305014919149,0.9999999999999999,0.5368990586811195,0.7958488101185542
I1_reproduce_static_no_transition,24,0.3500694998886404,0.3500694998886404,0.6499305001113596,0.9999999999999999,0.5368995235541799,0.7958523518381421
I1_reproduce_static_no_transition,25,0.350069501269919,0.350069501269919,0.649930498730081,1.0,0.5368999884272828,0.7958558934367426
I1_reproduce_static_no_transition,26,0.3500695026519205,0.3500695026519205,0.6499304973480795,0.9999999999999999,0.5369004533004306,0.7958594349143758
I1_reproduce_static_no_transition,27,0.35006950403464465,0.35006950403464465,0.6499304959653553,1.0,0.5369009181736263,0.7958629762710623
I1_reproduce_static_no_transition,28,0.35006950541809106,0.35006950541809106,0.6499304945819089,1.0,0.5369013830468724,0.7958665175068217
I1_reproduce_static_no_transition,29,0.35006950680225934,0.35006950680225934,0.6499304931977407,1.0,0.5369018479201718,0.7958700586216744
I1_reproduce_static_no_transition,30,0.3500695081871491,0.3500695081871491,0.6499304918128509,1.0,0.5369023127935271,0.7958735996156403
I1_reproduce_static_no_transition,31,0.35006950957276,0.35006950957276,0.64993049042724,1.0,0.5369027776669411,0.795877140488739
I1_reproduce_static_no_transition,32,0.3500695109590917,0.3500695109590917,0.6499304890409083,1.0,0.5369032425404162,0.795880681240991
I1_reproduce_static_no_transition,33,0.35006951234614386,0.35006951234614386,0.6499304876538561,1.0,0.5369037074139554,0.7958842218724157
I1_reproduce_static_no_transition,34,0.350069513733916,0.350069513733916,0.649930486266084,1.0,0.5369041722875613,0.7958877623830329
I1_reproduce_static_no_transition,35,0.35006951512240786,0.35006951512240786,0.6499304848775922,1.0,0.5369046371612364,0.7958913027728626
I1_reproduce_static_no_transition,36,0.35006951651161905,0.35006951651161905,0.649930483488381,1.0,0.5369051020349837,0.7958948430419243
I1_reproduce_static_no_transition,37,0.3500695179015492,0.3500695179015492,0.6499304820984508,1.0,0.5369055669088054,0.7958983831902374
I1_reproduce_static_no_transition,38,0.35006951929219804,0.35006951929219804,0.6499304807078019,1.0,0.5369060317827046,0.7959019232178218
I1_reproduce_static_no_transition,39,0.35006952068356506,0.35006952068356506,0.6499304793164349,1.0,0.5369064966566837,0.7959054631246971
I1_reproduce_static_no_transition,40,0.35006952207565,0.35006952207565,0.64993047792435,1.0,0.5369069615307455,0.7959090029108825
I1_reproduce_static_no_transition,41,0.35006952346845255,0.35006952346845255,0.6499304765315475,1.0,0.5369074264048924,0.7959125425763975
I1_reproduce_static_no_transition,42,0.35006952486197224,0.35006952486197224,0.6499304751380277,1.0,0.5369078912791272,0.7959160821212615
I1_reproduce_static_no_transition,43,0.3500695262562088,0.3500695262562088,0.6499304737437912,1.0,0.5369083561534524,0.7959196215454938
I1_reproduce_static_no_transition,44,0.3500695276511618,0.3500695276511618,0.6499304723488382,1.0,0.5369088210278709,0.7959231608491139
I1_reproduce_static_no_transition,45,0.3500695290468309,0.3500695290468309,0.649930470953169,1.0,0.5369092859023848,0.7959267000321405
I1_reproduce_static_no_transition,46,0.35006953044321587,0.35006953044321587,0.6499304695567841,1.0,0.5369097507769973,0.7959302390945933
I1_reproduce_static_no_transition,47,0.3500695318403162,0.3500695318403162,0.6499304681596838,1.0,0.5369102156517106,0.7959337780364911
I1_reproduce_static_no_transition,48,0.35006953323813167,0.35006953323813167,0.6499304667618684,1.0,0.5369106805265274,0.7959373168578533
I1_reproduce_static_no_transition,49,0.3500695346366618,0.3500695346366618,0.6499304653633382,1.0,0.5369111454014502,0.7959408555586986
I1_reproduce_static_no_transition,50,0.35006953603590635,0.35006953603590635,0.6499304639640937,1.0,0.5369116102764818,0.7959443941390462
I1_reproduce_static_no_transition,51,0.35006953743586494,0.35006953743586494,0.6499304625641351,1.0,0.5369120751516246,0.7959479325989148
I1_reproduce_static_no_transition,52,0.3500695388365372,0.3500695388365372,0.6499304611634629,1.0,0.5369125400268813,0.7959514709383235
I1_reproduce_static_no_transition,53,0.3500695402379228,0.3500695402379228,0.6499304597620772,1.0,0.5369130049022542,0.7959550091572912
I1_reproduce_static_no_transition,54,0.3500695416400214,0.3500695416400214,0.6499304583599785,1.0,0.5369134697777462,0.7959585472558365
I1_reproduce_static_no_transition,55,0.35006954304283266,0.35006954304283266,0.6499304569571673,1.0,0.5369139346533597,0.7959620852339784
I1_reproduce_static_no_transition,56,0.35006954444635624,0.35006954444635624,0.6499304555536438,1.0,0.5369143995290971,0.795965623091735
I1_reproduce_static_no_transition,57,0.35006954585059175,0.35006954585059175,0.6499304541494082,1.0,0.5369148644049612,0.7959691608291256
I1_reproduce_static_no_transition,58,0.35006954725553885,0.35006954725553885,0.6499304527444612,1.0,0.5369153292809543,0.7959726984461686
I1_reproduce_static_no_transition,59,0.35006954866119727,0.35006954866119727,0.6499304513388027,1.0,0.536915794157079,0.7959762359428825
I1_reproduce_static_no_transition,60,0.3500695500675666,0.3500695500675666,0.6499304499324334,1.0,0.5369162590333381,0.7959797733192858
I1_reproduce_static_no_transition,61,0.3500695514746466,0.3500695514746466,0.6499304485253534,1.0,0.5369167239097337,0.7959833105753971
I1_reproduce_static_no_transition,62,0.3500695528824368,0.3500695528824368,0.6499304471175632,1.0,0.5369171887862684,0.7959868477112347
I1_reproduce_static_no_transition,63,0.35006955429093695,0.35006955429093695,0.6499304457090631,1.0,0.536917653662945,0.795990384726817
I1_reproduce_static_no_transition,64,0.35006955570014664,0.35006955570014664,0.6499304442998534,1.0,0.5369181185397656,0.7959939216221623
I1_reproduce_static_no_transition,65,0.3500695571100656,0.3500695571100656,0.6499304428899344,1.0,0.536918583416733,0.7959974583972891
I1_reproduce_static_no_transition,66,0.3500695585206935,0.3500695585206935,0.6499304414793066,1.0,0.5369190482938495,0.7960009950522153
I1_reproduce_static_no_transition,67,0.35006955993203,0.35006955993203,0.64993044006797,1.0,0.5369195131711177,0.7960045315869594
I1_reproduce_static_no_transition,68,0.3500695613440747,0.3500695613440747,0.6499304386559253,1.0,0.5369199780485401,0.7960080680015392
I1_reproduce_static_no_transition,69,0.35006956275682727,0.35006956275682727,0.6499304372431727,1.0,0.5369204429261191,0.7960116042959733
I1_reproduce_static_no_transition,70,0.35006956417028745,0.35006956417028745,0.6499304358297125,1.0,0.536920907803857,0.7960151404702793
I1_reproduce_static_no_transition,71,0.3500695655844549,0.3500695655844549,0.6499304344155451,1.0,0.5369213726817567,0.7960186765244754
I1_reproduce_static_no_transition,72,0.35006956699932923,0.35006956699932923,0.6499304330006708,1.0,0.5369218375598201,0.7960222124585797
I1_reproduce_static_no_transition,73,0.3500695684149101,0.3500695684149101,0.6499304315850899,1.0,0.5369223024380502,0.7960257482726102
I1_reproduce_static_no_transition,74,0.3500695698311973,0.3500695698311973,0.6499304301688027,1.0,0.5369227673164491,0.7960292839665843
I1_reproduce_static_no_transition,75,0.35006957124819044,0.35006957124819044,0.6499304287518095,1.0,0.5369232321950193,0.7960328195405204
I1_reproduce_static_no_transition,76,0.3500695726658891,0.3500695726658891,0.6499304273341109,1.0,0.5369236970737632,0.7960363549944361
I1_reproduce_static_no_transition,77,0.3500695740842931,0.3500695740842931,0.6499304259157068,1.0,0.5369241619526833,0.7960398903283491
I1_reproduce_static_no_transition,78,0.350069575503402,0.350069575503402,0.649930424496598,1.0,0.5369246268317821,0.7960434255422772
I1_reproduce_static_no_transition,79,0.35006957692321555,0.35006957692321555,0.6499304230767844,1.0,0.5369250917110618,0.7960469606362381
I1_reproduce_static_no_transition,80,0.35006957834373337,0.35006957834373337,0.6499304216562667,1.0,0.536925556590525,0.7960504956102493
I1_reproduce_selection_only,0,0.35006946695581853,0.35006946695581853,0.6499305330441815,1.8794762654666748,0.5368883666060529,0.79576731712824
I1_reproduce_selection_only,1,0.33789274234253763,0.33789274234253763,0.6621072576574624,1.9074881812022086,0.5414988384761265,0.7949516431033157
I1_reproduce_selection_only,2,0.32587280549906633,0.32587280549906633,0.6741271945009337,1.935381543967663,0.5464833791779747,0.794085666761955
I1_reproduce_selection_only,3,0.31401170794479116,0.31401170794479116,0.6859882920552088,1.9631400720645515,0.551841615195599,0.7931532041071935
I1_reproduce_selection_only,4,0.3023126894508843,0.3023126894508843,0.6976873105491157,1.990744545103413,0.5575724422811011,0.7921348641670912
I1_reproduce_selection_only,5,0.2907803176138884,0.2907803176138884,0.7092196823861117,2.018172385256851,0.563673525999674,0.791007924127028
I1_reproduce_selection_only,6,0.279420601709574,0.279420601709574,0.720579398290426,2.0453973013782893,0.5701407745264975,0.7897463610745775
I1_reproduce_selection_only,7,0.26824106630272126,0.26824106630272126,0.7317589336972787,2.0723890362988837,0.5769678056144372,0.7883210753844664
I1_reproduce_selection_only,8,0.2572507701538159,0.2572507701538159,0.7427492298461841,2.099113258305945,0.5841454360559879,0.786700330566364
I1_reproduce_selection_only,9,0.2464602576288491,0.2464602576288491,0.753539742371151,2.125531634165377,0.5916612267174715,0.7848504191435369
I1_reproduce_selection_only,10,0.23588143322195035,0.23588143322195035,0.7641185667780497,2.1516021125810303,0.5994991183570754,0.7827365448658918
I1_reproduce_selection_only,11,0.22552735483980077,0.22552735483980077,0.7744726451601992,2.1772794338341495,0.6076391921647426,0.7803238901822365
I1_reproduce_selection_only,12,0.2154119477942043,0.2154119477942043,0.7845880522057957,2.2025158644240332,0.6160575838645772,0.7775788169734185
I1_reproduce_selection_only,13,0.20554964836971804,0.20554964836971804,0.794450351630282,2.2272621364817518,0.6247265713995249,0.7744701309625939
I1_reproduce_selection_only,14,0.19595499255873644,0.19595499255873644,0.8040450074412635,2.251468552752488,0.6336148443563626,0.770970328676304
I1_reproduce_selection_only,15,0.18664217121028528,0.18664217121028528,0.8133578287897147,2.2750862014674986,0.6426879496053416,0.7670567423390324
I1_reproduce_selection_only,16,0.17762457663749995,0.17762457663749995,0.8223754233625,2.298068213697426,0.6519088937138786,0.7627125035301044
I1_reproduce_selection_only,17,0.16891436712723532,0.16891436712723532,0.8310856328727647,2.3203709904421017,0.6612388702542981,0.7579272603561545
I1_reproduce_selection_only,18,0.16052207459092177,0.16052207459092177,0.8394779254090783,2.341955328508719,0.6706380706911512,0.7526976035404872
I1_reproduce_selection_only,19,0.15245627696559388,0.15245627696559388,0.8475437230344061,2.3627873828603674,0.6800665321916721,0.7470271814689774
I1_reproduce_selection_only,20,0.1447233514354482,0.1447233514354482,0.8552766485645518,2.3828394173150835,0.6894849749255393,0.740926509656074
I1_reproduce_selection_only,21,0.13732731785141566,0.13732731785141566,0.8626726821485844,2.402090313271617,0.6988555850171583,0.7344125032036766
I1_reproduce_selection_only,22,0.13026977472807352,0.13026977472807352,0.8697302252719264,2.4205258252337627,0.7081427065160865,0.7275077791327907
I1_reproduce_selection_only,23,0.12354992369251329,0.12354992369251329,0.8764500763074867,2.4381385900744976,0.7173134153938966,0.7202397874346489
I1_reproduce_selection_only,24,0.11716467287957966,0.11716467287957966,0.8828353271204203,2.4549279124066423,0.7263379593294663,0.7126398348388782
I1_reproduce_selection_only,25,0.11110880590598815,0.11110880590598815,0.8888911940940118,2.4708993599109172,0.7351900576413436,0.7047420641209445
I1_reproduce_selection_only,26,0.10537520085256509,0.10537520085256509,0.8946247991474349,2.4860642095048915,0.7438470651335535,0.6965824454740482
I1_reproduce_selection_only,27,0.09995508305578112,0.09995508305578112,0.9000449169442188,2.5004387879324885,0.7522900111444963,0.688197826650078
I1_reproduce_selection_only,28,0.09483829620916989,0.09483829620916989,0.9051617037908302,2.5140437493040944,0.7605035303919442,0.679625076907931
I1_reproduce_selection_only,29,0.09001357796139903,0.09001357796139903,0.9099864220386009,2.5269033281985935,0.768475705276182,0.6709003478031632
I1_reproduce_selection_only,30,0.085468828504016,0.085468828504016,0.914531171495984,2.539044601129849,0.7761978403670454,0.6620584626906131
I1_reproduce_selection_only,31,0.08119136322822713,0.08119136322822713,0.9188086367717728,2.550496782413233,0.7836641892388931,0.6531324372797804
I1_reproduce_selection_only,32,0.07716814311683785,0.07716814311683785,0.9228318568831622,2.561290573528423,0.7908716520739542,0.6441531260899735
I1_reproduce_selection_only,33,0.07338597892066884,0.07338597892066884,0.9266140210793312,2.571457578552646,0.7978194599663799,0.6351489842893784
I1_reproduce_selection_only,34,0.06983170722041297,0.06983170722041297,0.930168292779587,2.5810297925197396,0.8045088590106662,0.6261459310277071
I1_reproduce_selection_only,35,0.06649233813370581,0.06649233813370581,0.9335076618662942,2.5900391648474805,0.8109428043543522,0.6171672987002758
I1_reproduce_selection_only,36,0.06335517568394226,0.06335517568394226,0.9366448243160578,2.5985172363244367,0.8171256716558558,0.6082338522591079
I1_reproduce_selection_only,37,0.060407912729175985,0.060407912729175985,0.939592087270824,2.606494845508749,0.823062990953621,0.5993638633520919
I1_reproduce_selection_only,38,0.057638702905180084,0.057638702905180084,0.9423612970948199,2.6140018986491818,0.8287612058946918,0.5905732253927398
I1_reproduce_selection_only,39,0.055036212325325407,0.055036212325325407,0.9449637876746746,2.621067196244735,0.8342274596099823,0.58187559736117
I1_reproduce_selection_only,40,0.05258965386158715,0.05258965386158715,0.9474103461384129,2.627718308955416,0.8394694072443466,0.5732825659922295
I1_reproduce_selection_only,41,0.05028880676165502,0.05028880676165502,0.949711193238345,2.633981495613692,0.8444950542141452,0.5648038178589019
I1_reproduce_selection_only,42,0.04812402418523495,0.04812402418523495,0.951875975814765,2.639881656431447,0.849312618623799,0.55644731460036
I1_reproduce_selection_only,43,0.04608623100784935,0.04608623100784935,0.9539137689921506,2.6454423150408997,0.8539304158727482,0.54821946610924
I1_reproduce_selection_only,44,0.04416691397362887,0.04416691397362887,0.9558330860263712,2.650685623662729,0.8583567632739215,0.5401252978499839
I1_reproduce_selection_only,45,0.042358106002574045,0.042358106002574045,0.9576418939974259,2.655632386394847,0.8625999024379393,0.5321686096213886
I1_reproduce_selection_only,46,0.04065236618852258,0.04065236618852258,0.9593476338114775,2.6603020963137904,0.8666679372139973,0.5243521240097252
I1_reproduce_selection_only,47,0.039042756771988554,0.039042756771988554,0.9609572432280115,2.664712982745827,0.8705687850859396,0.5166776235217382
I1_reproduce_selection_only,48,0.037522818143231836,0.037522818143231836,0.9624771818567681,2.668882065677027,0.8743101400744078,0.5091460759623134
I1_reproduce_selection_only,49,0.036086542728252846,0.036086542728252846,0.9639134572717472,2.6728252148202905,0.8778994453731748,0.5017577480542785
I1_reproduce_selection_only,50,0.034728348434507214,0.034728348434507214,0.9652716515654928,2.6765572113387996,0.8813438741350642,0.4945123076118371
I1_reproduce_selection_only,51,0.033443052183099134,0.033443052183099134,0.9665569478169008,2.680091810640323,0.8846503170097327,0.48740891479698994
I1_reproduce_selection_only,52,0.03222584392819891,0.03222584392819891,0.9677741560718011,2.68344180500888,0.8878253752149252,0.4804463031298628
I1_reproduce_selection_only,53,0.031072261460085203,0.031072261460085203,0.9689277385399148,2.6866190851348275,0.8908753580901284,0.4736228510063
I1_reproduce_selection_only,54,0.02997816620296716,0.02997816620296716,0.9700218337970329,2.689634699847686,0.89380628423433,0.4669366445137588
I1_reproduce_selection_only,55,0.0289397201500214,0.0289397201500214,0.9710602798499786,2.6924989135544304,0.8966238854667262,0.46038553234124147
I1_reproduce_selection_only,56,0.027953364023432535,0.027953364023432535,0.9720466359765675,2.6952212610457944,0.8993336129706249,0.45396717356018657
I1_reproduce_selection_only,57,0.027015796704404463,0.027015796704404463,0.9729842032955955,2.6978105994602277,0.9019406450870093,0.4476790790183697
I1_reproduce_selection_only,58,0.026123955945101696,0.026123955945101696,0.9738760440548984,2.700275157294871,0.9044498963162634,0.44151864704371263
I1_reproduce_selection_only,59,0.02527500034952599,0.02527500034952599,0.974724999650474,2.7026225804298796,0.9068660271655872,0.4354831941038379
I1_reproduce_selection_only,60,0.024466292591918255,0.024466292591918255,0.9755337074080818,2.704859975190836,0.9091934545470033,0.42956998101348337
I1_reproduce_selection_only,61,0.023695383828113536,0.023695383828113536,0.9763046161718865,2.706993948517242,0.9114363624878672,0.42377623522786434
I1_reproduce_selection_only,62,0.02295999924628968,0.02295999924628968,0.9770400007537103,2.7090306453362336,0.9135987129637501,0.41809916970737543
I1_reproduce_selection_only,63,0.02225802469784275,0.02225802469784275,0.9777419753021572,2.710975783262095,0.9156842567036293,0.4125359987887721
I1_reproduce_selection_only,64,0.021587494345960384,0.021587494345960384,0.9784125056540396,2.7128346847560256,0.9176965438506413,0.4070839514508533
I1_reproduce_selection_only,65,0.020946579268247768,0.020946579268247768,0.9790534207317523,2.7146123068885193,0.9196389343891495,0.40174028231906794
I1_reproduce_selection_only,66,0.020333576950007357,0.020333576950007357,0.9796664230499926,2.7163132688501235,0.9215146082714835,0.3965022807135461
I1_reproduce_selection_only,67,0.019746901606095008,0.019746901606095008,0.980253098393905,2.7179418773562776,0.9233265751961434,0.39136727800882753
I1_reproduce_selection_only,68,0.019185075271364635,0.019185075271364635,0.9808149247286354,2.719502150089343,0.9250776840042071,0.38633265354090035
I1_reproduce_selection_only,69,0.01864671960232921,0.01864671960232921,0.9813532803976708,2.7209978373165296,0.9267706316727172,0.38139583926791065
I1_reproduce_selection_only,70,0.018130548335619258,0.018130548335619258,0.9818694516643808,2.7224324418167063,0.9284079718934136,0.3765543233648281
I1_reproduce_selection_only,71,0.017635360351966525,0.017635360351966525,0.9823646396480334,2.7238092372425697,0.9299921232327722,0.3718056529092052
I1_reproduce_selection_only,72,0.017160033297669474,0.017160033297669474,0.9828399667023305,2.7251312850376324,0.9315253768752346,0.3671474357947078
I1_reproduce_selection_only,73,0.016703517718726746,0.016703517718726746,0.9832964822812733,2.726401450020197,0.9330099039560672,0.36257734199105146
I1_reproduce_selection_only,74,0.01626483166599428,0.01626483166599428,0.9837351683340058,2.7276224147392174,0.9344477624937443,0.3580931042531251
I1_reproduce_selection_only,75,0.01584305573278857,0.01584305573278857,0.9841569442672115,2.72879669269972,0.9358409039342814,0.3536925183681816
I1_reproduce_selection_only,76,0.01543732848929281,0.01543732848929281,0.9845626715107072,2.7299266405484826,0.9371911793217557,0.3493734430178102
I1_reproduce_selection_only,77,0.015046842280906138,0.015046842280906138,0.9849531577190939,2.731014469303927,0.9385003451104605,0.3451337993207847
I1_reproduce_selection_only,78,0.014670839360297205,0.014670839360297205,0.9853291606397028,2.732062254707797,0.9397700686348935,0.3409715701136234
I1_reproduce_selection_only,79,0.014308608325377852,0.014308608325377852,0.9856913916746222,2.7330719467701723,0.9410019332541503,0.33688479901763907
I1_reproduce_selection_only,80,0.013959480837699469,0.013959480837699469,0.9860405191623005,2.73404537857365,0.9421974431873702,0.33287158933425276
I1_endogenous_ai_transition,0,0.35006946695581853,0.35006946695581853,0.6499305330441815,1.8794762654666748,0.5368883666060529,0.79576731712824
I1_endogenous_ai_transition,1,0.390644794930773,0.390644794930773,0.609355205069227,1.7873262326613921,0.5236306481607613,0.7898676891293847
I1_endogenous_ai_transition,2,0.4304878759645089,0.4304878759645089,0.5695121240354911,1.6995250080810247,0.5147945584023033,0.7828553663005655
I1_endogenous_ai_transition,3,0.46938677158861497,0.46938677158861497,0.530613228411385,1.6164014783971365,0.5097646640146087,0.7747030908921972
I1_endogenous_ai_transition,4,0.5071497580154642,0.5071497580154642,0.49285024198453575,1.538180701777798,0.5080679253416719,0.7653819752876548
I1_endogenous_ai_transition,5,0.5436072281125139,0.5436072281125139,0.45639277188748606,1.4649911515700047,0.5093196948460637,0.7548461883201817
I1_endogenous_ai_transition,6,0.5786131304501724,0.5786131304501724,0.4213868695498276,1.3968743541190975,0.5131939659122383,0.7430427090973988
I1_endogenous_ai_transition,7,0.6120457501531273,0.6120457501531273,0.38795424984687266,1.3337966057910644,0.5194044480591982,0.7299119627816221
I1_endogenous_ai_transition,8,0.6438072844343146,0.6438072844343146,0.35619271556568544,1.2756626307864094,0.5276917008276945,0.7154068555233479
I1_endogenous_ai_transition,9,0.6738219797022245,0.6738219797022245,0.32617802029777554,1.2223301045965271,0.5378131200830658,0.6994890911601115
I1_endogenous_ai_transition,10,0.7020336279707236,0.7020336279707236,0.29796637202927645,1.1736227837213535,0.5495342930298821,0.6821772059952557
I1_endogenous_ai_transition,11,0.7284038202282938,0.7284038202282938,0.27159617977170625,1.129340089282605,0.5626221201080022,0.6635164477881411
I1_endogenous_ai_transition,12,0.7529119244456375,0.7529119244456375,0.24708807555436252,1.0892630328514878,0.5768414806710279,0.6435157603303373
I1_endogenous_ai_transition,13,0.7755553424610617,0.7755553424610617,0.22444465753893827,1.0531589362345615,0.5919542419616893,0.6222133254465584
I1_endogenous_ai_transition,14,0.7963492809588374,0.7963492809588374,0.2036507190411626,1.0207855952290692,0.6077188478695017,0.5998185345898671
I1_endogenous_ai_transition,15,0.8153264023822254,0.8153264023822254,0.18467359761777458,0.9918936952531358,0.6238897251321374,0.5766090771594126
I1_endogenous_ai_transition,16,0.8325380532560669,0.8325380532560669,0.1674619467439331,0.9662273620237875,0.6402224439820784,0.552505856353558
I1_endogenous_ai_transition,17,0.848054156012638,0.848054156012638,0.151945843987362,0.9435267010025015,0.6564833581921272,0.5274478743371374
I1_endogenous_ai_transition,18,0.8619606611218046,0.8619606611218046,0.13803933887819542,0.9235324524278956,0.6724588336270046,0.5019932512122864
I1_endogenous_ai_transition,19,0.8743558665736971,0.8743558665736971,0.12564413342630287,0.9059903717510004,0.6879603014049765,0.47690354270294927
I1_endogenous_ai_transition,20,0.8853472769290138,0.8853472769290138,0.11465272307098617,0.8906549689016785,0.7028301457294988,0.4525277935578551
I1_endogenous_ai_transition,21,0.8950469996051279,0.8950469996051279,0.1049530003948721,0.877294047919131,0.7169425640900371,0.42913931939017863
I1_endogenous_ai_transition,22,0.9035672830685547,0.9035672830685547,0.09643271693144528,0.8656917904286615,0.7301999181366492,0.4071502452471223
I1_endogenous_ai_transition,23,0.9110180307944851,0.9110180307944851,0.08898196920551493,0.8556490893722669,0.7425293144635916,0.38732247091813166
I1_endogenous_ai_transition,24,0.9175059654187355,0.9175059654187355,0.08249403458126447,0.8469821341000856,0.753881007853908,0.3703335609537174
I1_endogenous_ai_transition,25,0.9231345671856179,0.9231345671856179,0.07686543281438207,0.8395209388874529,0.7642310814724831,0.35606129419124616
I1_endogenous_ai_transition,26,0.9280032668285841,0.9280032668285841,0.07199673317141586,0.8331093290834429,0.7735843399971394,0.3437038621333485
I1_endogenous_ai_transition,27,0.9322055634786398,0.9322055634786398,0.06779443652136019,0.827605997700699,0.7819715731998869,0.3324247171942036
I1_endogenous_ai_transition,28,0.9358272817900892,0.9358272817900892,0.06417271820991077,0.8228852008684494,0.7894431985808571,0.3216393664587748
I1_endogenous_ai_transition,29,0.9389456547852043,0.9389456547852043,0.06105434521479569,0.8188365572907791,0.7960626438816111,0.3110037290999784
I1_endogenous_ai_transition,30,0.9416291435833842,0.9416291435833842,0.05837085641661577,0.8153641584790434,0.8019005606774251,0.30035941041150216
I1_endogenous_ai_transition,31,0.9439377593152992,0.9439377593152992,0.05606224068470078,0.8123852827837436,0.8070301685301138,0.28967853399273574
I1_endogenous_ai_transition,32,0.9459236860205079,0.9459236860205079,0.054076313979492086,0.8098289379732257,0.8115238040548338,0.2790152509698117
I1_endogenous_ai_transition,33,0.9476320527542431,0.9476320527542431,0.052367947245756885,0.8076343864639125,0.8154505886268392,0.26846763182759026
I1_endogenous_ai_transition,34,0.9491017493322748,0.9491017493322748,0.05089825066772524,0.8057497489352824,0.8188750193161126,0.2581502445514971
I1_endogenous_ai_transition,35,0.9503662190586641,0.9503662190586641,0.04963378094133586,0.8041307374710296,0.8218562522697697,0.24817591774139683
I1_endogenous_ai_transition,36,0.9514541914119798,0.9514541914119798,0.048545808588020156,0.8027395383025767,0.824447866959153,0.2386446431311051
I1_endogenous_ai_transition,37,0.9523903380641003,0.9523903380641003,0.04760966193589966,0.8015438447570741,0.8266979424373793,0.2296376735220467
I1_endogenous_ai_transition,38,0.9531958483702502,0.9531958483702502,0.046804151629749824,0.8005160302304491,0.8286493219841807,0.22121521609568184
I1_endogenous_ai_transition,39,0.9538889276889311,0.9538889276889311,0.046111072311068924,0.7996324460596452,0.8303399808207383,0.2134164989037396
I1_endogenous_ai_transition,40,0.9544852254491292,0.9544852254491292,0.04551477455087083,0.7988728277801279,0.8318034406265385,0.20626131631167835
I1_endogenous_ai_transition,41,0.9549982012061483,0.9549982012061483,0.04500179879385169,0.7982197938311117,0.8330691952319179,0.1997524167888069
I1_endogenous_ai_transition,42,0.9554394369905796,0.9554394369905796,0.04456056300942035,0.7976584222929628,0.8341631259146252,0.19387828908925345
I1_endogenous_ai_transition,43,0.9558189036753579,0.9558189036753579,0.044181096324642066,0.7971758931052194,0.8351078940071396,0.18861604358838896
I1_endogenous_ai_transition,44,0.9561451882326202,0.9561451882326202,0.04385481176737982,0.7967611850890589,0.8359233044935922,0.18393418747343765
I1_endogenous_ai_transition,45,0.9564256878324116,0.9564256878324116,0.04357431216758845,0.796404818822315,0.8366266380269425,0.17979516639271484
I1_endogenous_ai_transition,46,0.9566667758564357,0.9566667758564357,0.04333322414356433,0.796098637923227,0.837232951089289,0.17615759902505768
I1_endogenous_ai_transition,47,0.9568739441107443,0.9568739441107443,0.043126055889255666,0.7958356225789941,0.8377553453666851,0.1729781704129648
I1_endogenous_ai_transition,48,0.9570519248372592,0.9570519248372592,0.042948075162740795,0.7956097302213673,0.8382052081567302,0.1702131785529903
I1_endogenous_ai_transition,49,0.9572047955439694,0.9572047955439694,0.04279520445603058,0.7954157591296034,0.8385924259961055,0.16781974912741324
I1_endogenous_ai_transition,50,0.9573360691880323,0.9573360691880323,0.04266393081196773,0.7952492314597069,0.8389255738305641,0.1657567470529431
I1_endogenous_ai_transition,51,0.9574487718423965,0.9574487718423965,0.04255122815760348,0.7951062927853578,0.8392120820441715,0.16398542190211216
I1_endogenous_ai_transition,52,0.9575455096421485,0.9575455096421485,0.04245449035785154,0.7949836257145027,0.8394583835765633,0.16246982816150152
I1_endogenous_ai_transition,53,0.9576285265297959,0.9576285265297959,0.04237147347020409,0.7948783755368773,0.8396700432236693,0.16117706156919476
I1_endogenous_ai_transition,54,0.9576997540888865,0.9576997540888865,0.04230024591111348,0.7947880861787484,0.839851871061881,0.16007735026047257
I1_endogenous_ai_transition,55,0.9577608545640686,0.9577608545640686,0.042239145435931436,0.7947106450056848,0.8400080217722518,0.1591440350382338
I1_endogenous_ai_transition,56,0.9578132580058244,0.9578132580058244,0.0421867419941756,0.7946442352332894,0.8401420814787207,0.15835346771623793
I1_endogenous_ai_transition,57,0.9578581943438734,0.9578581943438734,0.042141805656126574,0.7945872948883044,0.8402571435576045,0.15768485106434724
I1_endogenous_ai_transition,58,0.9578967210799859,0.9578967210799859,0.04210327892001409,0.7945384814153422,0.8403558747276334,0.15712003912106182
I1_endogenous_ai_transition,59,0.9579297471949435,0.9579297471949435,0.042070252805056496,0.7944966411531781,0.8404405725920576,0.15664331288077085
I1_endogenous_ai_transition,60,0.9579580537826381,0.9579580537826381,0.0420419462173619,0.794460783013467,0.8405132156774499,0.1562411435678743
I1_endogenous_ai_transition,61,0.9579823118544123,0.9579823118544123,0.042017688145587706,0.7944300557873449,0.8405755068978087,0.1559019535612036
I1_endogenous_ai_transition,62,0.9580030976967835,0.9580030976967835,0.04199690230321651,0.7944037285844352,0.8406289112671678,0.15561588315849248
I1_endogenous_ai_transition,63,0.9580209061141011,0.9580209061141011,0.04197909388589893,0.7943811739765161,0.8406746885886386,0.1553745695295367
I1_endogenous_ai_transition,64,0.9580361618431632,0.9580361618431632,0.0419638381568368,0.7943618534762974,0.8407139217620782,0.15517094234853096
I1_endogenous_ai_transition,65,0.9580492293883535,0.9580492293883535,0.04195077061164654,0.7943453050318878,0.8407475412757077,0.15499903881342472
I1_endogenous_ai_transition,66,0.9580604214925458,0.9580604214925458,0.04193957850745422,0.7943311322607791,0.8407763463783469,0.15485383919046367
I1_endogenous_ai_transition,67,0.9580700064301624,0.9580700064301624,0.04192999356983762,0.7943189951845601,0.8408010233677745,0.1547311227695752
I1_endogenous_ai_transition,68,0.9580782142837433,0.9580782142837433,0.04192178571625671,0.7943086022579008,0.8408221613764372,0.1546273432194377
I1_endogenous_ai_transition,69,0.9580852423436652,0.9580852423436652,0.04191475765633479,0.7942997035133362,0.8408402659876364,0.15453952176843658
I1_endogenous_ai_transition,70,0.9580912597518134,0.9580912597518134,0.04190874024818658,0.794292084667616,0.8408557709728652,0.1544651563509386
I1_endogenous_ai_transition,71,0.9580964114936564,0.9580964114936564,0.04190358850634357,0.7942855620563762,0.8408690484035268,0.15440214477619796
I1_endogenous_ai_transition,72,0.9581008218289996,0.9581008218289996,0.04189917817100042,0.7942799782820705,0.840880417357368,0.15434872003235336
I1_endogenous_ai_transition,73,0.9581045972393976,0.9581045972393976,0.04189540276060244,0.7942751984758364,0.8408901514110761,0.15430339597519016
I1_endogenous_ai_transition,74,0.958107828959547,0.958107828959547,0.04189217104045295,0.7942711070876042,0.8408984850851995,0.15426492182980878
I1_endogenous_ai_transition,75,0.9581105951507544,0.9581105951507544,0.04188940484924564,0.7942676051305405,0.8409056193854381,0.15423224412536107
I1_endogenous_ai_transition,76,0.9581129627665808,0.9581129627665808,0.041887037233419244,0.7942646078161243,0.840911726565058,0.15420447487127859
I1_endogenous_ai_transition,77,0.9581149891538517,0.9581149891538517,0.04188501084614826,0.794262042524962,0.8409169542163593,0.15418086495817357
I1_endogenous_ai_transition,78,0.9581167234262414,0.9581167234262414,0.041883276573758565,0.7942598470660729,0.8409214287844984,0.15416078192317875
I1_endogenous_ai_transition,79,0.958118207642473,0.958118207642473,0.04188179235752698,0.7942579681839491,0.8409252585842489,0.15414369135647815
I1_endogenous_ai_transition,80,0.9581194778167198,0.9581194778167198,0.0418805221832802,0.7942563602783735,0.8409285363892443,0.15412914134362382
