selection_metric,competition_intensity,time,bridge_share,bridge_capacity,sink_capacity,bridge_selection_score,sink_selection_score,bridge_material_growth,sink_material_growth,mean_material_growth,population_mass
material viability,0.0,0.0,0.5,0.15,0.15,-0.04559436967823279,-0.045986808734618086,-0.04559436967823279,-0.045986808734618086,-0.04579058920642544,1.0
material viability,0.0,1.0,0.5,0.2262300898669872,0.14350131997413967,-0.04054998380697189,-0.04637818190971464,-0.04054998380697189,-0.04637818190971464,-0.043464082858343266,0.9562578407752316
material viability,0.0,2.0,0.5,0.3217186394205687,0.13703705401463132,-0.03344499421665617,-0.04676732391942563,-0.03344499421665617,-0.04676732391942563,-0.0401061590680409,0.9169171351853951
material viability,0.0,3.0,0.5,0.4581739064193398,0.13074540539071217,-0.01971768116826998,-0.04714593914297732,-0.01971768116826998,-0.04714593914297732,-0.03343181015562365,0.8832599656734331
material viability,0.0,4.0,0.5,0.6453655430340038,0.12475438695298431,0.008633938054066499,-0.047506352237946664,0.008633938054066499,-0.047506352237946664,-0.019436207091940085,0.8594961440050799
material viability,0.0,5.0,0.5,0.7895546439159127,0.11917108652487203,0.02752406590152011,-0.04784214988937935,0.02752406590152011,-0.04784214988937935,-0.01015904199392962,0.8474825523172907
material viability,0.0,6.0,0.5,0.8311272844621633,0.11407412406987848,0.031563127920968645,-0.04814863084771654,0.031563127920968645,-0.04814863084771654,-0.008292751463373948,0.8398998364730802
material viability,0.0,7.0,0.5,0.8381600504552323,0.10951038982060503,0.03219735172297204,-0.04842299937754329,0.03219735172297204,-0.04842299937754329,-0.008112823827285624,0.833073059289423
material viability,0.0,8.0,0.5,0.8392111590866499,0.10549605158479475,0.03229104830390729,-0.04866430308612822,0.03229104830390729,-0.04866430308612822,-0.008186627391110465,0.826317554747151
material viability,0.0,9.0,0.5,0.8393651560211912,0.10202088935468404,0.03230475226373557,-0.04887317170505517,0.03230475226373557,-0.04887317170505517,-0.0082842097206598,0.8195421947848085
material viability,0.0,10.0,0.5,0.8393876513848529,0.09905453721912168,0.03230675359294402,-0.04905144195197269,0.03230675359294402,-0.04905144195197269,-0.008372344179514334,0.8127460841520772
material viability,0.0,11.0,0.5,0.8393909360124324,0.09655322225896038,0.032307045803438045,-0.04920175296021784,0.032307045803438045,-0.04920175296021784,-0.008447353578389896,0.8059403153188867
material viability,0.0,12.0,0.5,0.8393914155822253,0.09446593267967208,0.03230708846720321,-0.04932717620630601,0.03230708846720321,-0.04932717620630601,-0.008510043869551398,0.7991363589196324
material viability,0.0,13.0,0.5,0.8393914856008375,0.09273940801995548,0.032307094696234634,-0.04943091625499002,0.032307094696234634,-0.04943091625499002,-0.008561910779377693,0.7923443462395217
material viability,0.0,14.0,0.5,0.839391495823749,0.09132175553659794,0.03230709560569038,-0.04951609399833163,0.03230709560569038,-0.04951609399833163,-0.008604499196320625,0.7855728748643228
material viability,0.0,15.0,0.5,0.8393914973163218,0.0901647789402422,0.03230709573847339,-0.049585607169687275,0.03230709573847339,-0.049585607169687275,-0.008639255715606944,0.7788290901907563
material viability,0.0,16.0,0.5,0.8393914975342418,0.08922525186829317,0.032307095757860095,-0.04964205416233278,0.032307095757860095,-0.04964205416233278,-0.008667479202236341,0.7721188354832669
material viability,0.0,17.0,0.5,0.8393914975660586,0.08846541091833446,0.032307095760690595,-0.0496877046504356,0.032307095760690595,-0.0496877046504356,-0.008690304444872503,0.7654468209865432
material viability,0.0,18.0,0.5,0.839391497570704,0.08785292299998354,0.03230709576110386,-0.04972450172253442,0.03230709576110386,-0.04972450172253442,-0.008708702980715279,0.7588167920592411
material viability,0.0,19.0,0.5,0.8393914975713822,0.08736053343384034,0.0323070957611642,-0.04975408314209168,0.0323070957611642,-0.04975408314209168,-0.00872349369046374,0.7522316858622716
material viability,0.0,20.0,0.5,0.8393914975714811,0.08696554694839755,0.032307095761173,-0.049777812608589725,0.032307095761173,-0.049777812608589725,-0.008735358423708362,0.7456937713796662
material viability,0.0,21.0,0.5,0.8393914975714956,0.08664924519418526,0.032307095761174284,-0.04979681480538292,0.032307095761174284,-0.04979681480538292,-0.008744859522104319,0.739204770890786
material viability,0.0,22.0,0.5,0.8393914975714976,0.0863963060272644,0.032307095761174465,-0.04981201032265278,0.032307095761174465,-0.04981201032265278,-0.00875245728073916,0.7327659630791924
material viability,0.0,23.0,0.5,0.8393914975714976,0.0861942619245578,0.032307095761174465,-0.04982414821693588,0.032307095761174465,-0.04982414821693588,-0.008758526227880706,0.7263782691301315
material viability,0.0,24.0,0.5,0.8393914975714976,0.08603301593684122,0.032307095761174465,-0.04983383510569739,0.032307095761174465,-0.04983383510569739,-0.008763369672261462,0.7200423237274014
material viability,0.0,25.0,0.5,0.8393914975714976,0.08590442148278551,0.032307095761174465,-0.049841560421140706,0.032307095761174465,-0.049841560421140706,-0.00876723232998312,0.7137585330336738
material viability,0.0,26.0,0.5,0.8393914975714976,0.08580192507995567,0.032307095761174465,-0.04984771787948798,0.032307095761174465,-0.04984771787948798,-0.008770311059156759,0.7075271216848502
material viability,0.0,27.0,0.5,0.8393914975714976,0.08572026720481259,0.032307095761174465,-0.04985262345584052,0.032307095761174465,-0.04985262345584052,-0.008772763847333026,0.701348170655517
material viability,0.0,28.0,0.5,0.8393914975714976,0.08565523468842301,0.032307095761174465,-0.04985653026154274,0.032307095761174465,-0.04985653026154274,-0.008774717250184139,0.6952216476270544
material viability,0.0,29.0,0.5,0.8393914975714976,0.08560345755655156,0.032307095761174465,-0.049859640750600565,0.032307095761174465,-0.049859640750600565,-0.00877627249471305,0.6891474312531806
material viability,0.0,30.0,0.5,0.8393914975714976,0.08556224345594267,0.032307095761174465,-0.0498621166675077,0.032307095761174465,-0.0498621166675077,-0.008777510453166618,0.6831253304923564
material viability,0.0,31.0,0.5,0.8393914975714976,0.08552944341612646,0.032307095761174465,-0.04986408711221094,0.032307095761174465,-0.04986408711221094,-0.00877849567551824,0.6771550999736651
material viability,0.0,32.0,0.5,0.8393914975714976,0.08550334345874921,0.032307095761174465,-0.049865655052047785,0.032307095761174465,-0.049865655052047785,-0.00877927964543666,0.6712364521866815
material viability,0.0,33.0,0.5,0.8393914975714976,0.0854825773562103,0.032307095761174465,-0.04986690256299165,0.032307095761174465,-0.04986690256299165,-0.008779903400908593,0.6653690671366155
material viability,0.0,34.0,0.5,0.8393914975714976,0.08546605658869418,0.032307095761174465,-0.04986789503761221,0.032307095761174465,-0.04986789503761221,-0.008780399638218871,0.6595525999817364
material viability,0.0,35.0,0.5,0.8393914975714976,0.0854529142200984,0.032307095761174465,-0.04986868455680218,0.032307095761174465,-0.04986868455680218,-0.008780794397813856,0.6537866870679047
material viability,0.0,36.0,0.5,0.8393914975714976,0.0854424599969365,0.032307095761174465,-0.04986931258725035,0.032307095761174465,-0.04986931258725035,-0.008781108413037943,0.6480709506917918
material viability,0.0,37.0,0.5,0.8393914975714976,0.0854341444702238,0.032307095761174465,-0.04986981213683895,0.032307095761174465,-0.04986981213683895,-0.008781358187832242,0.6424050028570752
material viability,0.0,38.0,0.5,0.8393914975714976,0.08542753035510568,0.032307095761174465,-0.04987020947522204,0.032307095761174465,-0.04987020947522204,-0.008781556857023788,0.636788448233758
material viability,0.0,39.0,0.5,0.8393914975714976,0.08542226968581096,0.032307095761174465,-0.04987052550624337,0.032307095761174465,-0.04987052550624337,-0.008781714872534454,0.6312208864874254
material viability,0.0,40.0,0.5,0.8393914975714976,0.08541808560442085,0.032307095761174465,-0.04987077686197442,0.032307095761174465,-0.04987077686197442,-0.008781840550399978,0.6257019141106568
material viability,0.0,41.0,0.5,0.8393914975714976,0.08541475785060355,0.032307095761174465,-0.04987097677441536,0.032307095761174465,-0.04987097677441536,-0.008781940506620449,0.6202311258612718
material viability,0.0,42.0,0.5,0.8393914975714976,0.08541211120464942,0.032307095761174465,-0.04987113576977588,0.032307095761174465,-0.04987113576977588,-0.008782020004300707,0.6148081158902184
material viability,0.0,43.0,0.5,0.8393914975714976,0.08541000628553752,0.032307095761174465,-0.0498712622212776,0.032307095761174465,-0.0498712622212776,-0.008782083230051568,0.6094324786245572
material viability,0.0,44.0,0.5,0.8393914975714976,0.08540833222591859,0.032307095761174465,-0.04987136278920094,0.032307095761174465,-0.04987136278920094,-0.00878213351401324,0.6041038094572477
material viability,0.0,45.0,0.5,0.8393914975714976,0.08540700084230837,0.032307095761174465,-0.04987144277110773,0.032307095761174465,-0.04987144277110773,-0.008782173504966632,0.5988217052845806
material viability,0.0,46.0,0.5,0.8393914975714976,0.0854059419959963,0.032307095761174465,-0.04987150638053188,0.032307095761174465,-0.04987150638053188,-0.008782205309678708,0.5935857649234796
material viability,0.0,47.0,0.5,0.8393914975714976,0.0854050999019218,0.032307095761174465,-0.04987155696872154,0.032307095761174465,-0.04987155696872154,-0.008782230603773537,0.5883955894341174
material viability,0.0,48.0,0.5,0.8393914975714976,0.08540443019209282,0.032307095761174465,-0.049871597201052206,0.032307095761174465,-0.049871597201052206,-0.00878225071993887,0.5832507823679149
material viability,0.0,49.0,0.5,0.8393914975714976,0.08540389757948239,0.032307095761174465,-0.04987162919736681,0.032307095761174465,-0.04987162919736681,-0.008782266718096173,0.5781509499567539
material viability,0.0,50.0,0.5,0.8393914975714976,0.08540347399973106,0.032307095761174465,-0.049871654643611554,0.032307095761174465,-0.049871654643611554,-0.008782279441218545,0.5730957012558906
material viability,0.0,51.0,0.5,0.8393914975714976,0.0854031371330004,0.032307095761174465,-0.049871674880634626,0.032307095761174465,-0.049871674880634626,-0.00878228955973008,0.5680846482504219
material viability,0.0,52.0,0.5,0.8393914975714976,0.08540286922825668,0.032307095761174465,-0.04987169097481654,0.032307095761174465,-0.04987169097481654,-0.00878229760682104,0.5631174059330631
material viability,0.0,53.0,0.5,0.8393914975714976,0.08540265616813554,0.032307095761174465,-0.049871703774247725,0.032307095761174465,-0.049871703774247725,-0.00878230400653663,0.5581935923593669
material viability,0.0,54.0,0.5,0.8393914975714976,0.08540248672517715,0.032307095761174465,-0.04987171395340967,0.032307095761174465,-0.04987171395340967,-0.008782309096117602,0.5533128286852037
material viability,0.0,55.0,0.5,0.8393914975714976,0.08540235197028062,0.032307095761174465,-0.049871722048711604,0.032307095761174465,-0.049871722048711604,-0.00878231314376857,0.5484747391903174
material viability,0.0,56.0,0.5,0.8393914975714976,0.08540224480223152,0.032307095761174465,-0.049871728486753815,0.032307095761174465,-0.049871728486753815,-0.008782316362789675,0.5436789512909497
material viability,0.0,57.0,0.5,0.8393914975714976,0.08540215957352675,0.032307095761174465,-0.04987173360680595,0.032307095761174465,-0.04987173360680595,-0.008782318922815741,0.5389250955439008
material viability,0.0,58.0,0.5,0.8393914975714976,0.08540209179278953,0.032307095761174465,-0.04987173767868418,0.032307095761174465,-0.04987173767868418,-0.008782320958754856,0.5342128056438903
material viability,0.0,59.0,0.5,0.8393914975714976,0.08540203788809901,0.032307095761174465,-0.049871740916969054,0.032307095761174465,-0.049871740916969054,-0.008782322577897295,0.5295417184156884
material viability,0.0,60.0,0.5,0.8393914975714976,0.08540199501876644,0.032307095761174465,-0.04987174349231285,0.032307095761174465,-0.04987174349231285,-0.008782323865569194,0.5249114738021734
material viability,0.0,61.0,0.5,0.8393914975714976,0.0854019609256419,0.032307095761174465,-0.04987174554043239,0.032307095761174465,-0.04987174554043239,-0.008782324889628962,0.5203217148492272
material viability,0.0,62.0,0.5,0.8393914975714976,0.08540193381206458,0.032307095761174465,-0.04987174716926071,0.032307095761174465,-0.04987174716926071,-0.008782325704043123,0.5157720876881906
material viability,0.0,63.0,0.5,0.8393914975714976,0.08540191224918359,0.032307095761174465,-0.04987174846463501,0.032307095761174465,-0.04987174846463501,-0.008782326351730273,0.5112622415164418
material viability,0.0,64.0,0.5,0.8393914975714976,0.08540189510066103,0.032307095761174465,-0.049871749494819956,0.032307095761174465,-0.049871749494819956,-0.008782326866822746,0.5067918285765456
material viability,0.0,65.0,0.5,0.8393914975714976,0.08540188146278936,0.032307095761174465,-0.04987175031410512,0.032307095761174465,-0.04987175031410512,-0.00878232727646533,0.5023605041343225
material viability,0.0,66.0,0.5,0.8393914975714976,0.08540187061686769,0.032307095761174465,-0.049871750965665936,0.032307095761174465,-0.049871750965665936,-0.008782327602245735,0.49796792645611687
material viability,0.0,67.0,0.5,0.8393914975714976,0.08540186199132742,0.032307095761174465,-0.049871751483838954,0.032307095761174465,-0.049871751483838954,-0.008782327861332245,0.4936137567854796
material viability,0.0,68.0,0.5,0.8393914975714976,0.08540185513161146,0.032307095761174465,-0.04987175189593137,0.032307095761174465,-0.04987175189593137,-0.008782328067378452,0.4892976593194368
material viability,0.0,69.0,0.5,0.8393914975714976,0.08540184967621968,0.032307095761174465,-0.04987175222366005,0.032307095761174465,-0.04987175222366005,-0.008782328231242791,0.48501930118447933
material viability,0.0,70.0,0.5,0.8393914975714976,0.08540184533765825,0.032307095761174465,-0.04987175248429595,0.032307095761174465,-0.04987175248429595,-0.008782328361560742,0.48077835241237654
material viability,0.0,71.0,0.5,0.8393914975714976,0.08540184188728925,0.032307095761174465,-0.049871752691574345,0.032307095761174465,-0.049871752691574345,-0.00878232846519994,0.47657448591590185
material viability,0.0,72.0,0.5,0.8393914975714976,0.08540183914328148,0.032307095761174465,-0.0498717528564186,0.032307095761174465,-0.0498717528564186,-0.008782328547622068,0.4724073774645292
material viability,0.0,73.0,0.5,0.8393914975714976,0.0854018369610284,0.032307095761174465,-0.04987175298751586,0.032307095761174465,-0.04987175298751586,-0.008782328613170697,0.46827670566015467
material viability,0.0,74.0,0.5,0.8393914975714976,0.0854018352255273,0.032307095761174465,-0.049871753091774815,0.032307095761174465,-0.049871753091774815,-0.008782328665300175,0.4641821519128839
material viability,0.0,75.0,0.5,0.8393914975714976,0.08540183384531891,0.032307095761174465,-0.04987175317468983,0.032307095761174465,-0.04987175317468983,-0.008782328706757683,0.4601234004169113
material viability,0.0,76.0,0.5,0.8393914975714976,0.08540183274766748,0.032307095761174465,-0.04987175324063043,0.032307095761174465,-0.04987175324063043,-0.008782328739727983,0.45610013812652084
material viability,0.0,77.0,0.5,0.8393914975714976,0.08540183187472787,0.032307095761174465,-0.04987175329307164,0.032307095761174465,-0.04987175329307164,-0.008782328765948588,0.45211205473222116
material viability,0.0,78.0,0.5,0.8393914975714976,0.08540183118049689,0.032307095761174465,-0.04987175333477706,0.032307095761174465,-0.04987175333477706,-0.008782328786801297,0.44815884263703476
material viability,0.0,79.0,0.5,0.8393914975714976,0.08540183062838928,0.032307095761174465,-0.04987175336794452,0.032307095761174465,-0.04987175336794452,-0.008782328803385028,0.4442401969329484
material viability,0.0,80.0,0.5,0.8393914975714976,0.08540183018930941,0.032307095761174465,-0.04987175339432192,0.032307095761174465,-0.04987175339432192,-0.008782328816573728,0.44035581537753327
material viability,0.4,0.0,0.5,0.15,0.15,-0.04559436967823279,-0.045986808734618086,-0.04559436967823279,-0.045986808734618086,-0.04579058920642544,1.0
material viability,0.4,1.0,0.5002889708604868,0.2262300898669872,0.14350131997413967,-0.04054998380697189,-0.04637818190971464,-0.04054998380697189,-0.04637818190971464,-0.04346239867892243,0.9562582143037505
material viability,0.4,2.0,0.5011995841444189,0.3217186394205687,0.13703705401463132,-0.03344499421665617,-0.04676732391942563,-0.03344499421665617,-0.04676732391942563,-0.04009017781256274,0.9169235073824562
material viability,0.4,3.0,0.5031097162728702,0.4581739064193398,0.13074540539071217,-0.01971768116826998,-0.04714593914297732,-0.01971768116826998,-0.04714593914297732,-0.033346516055463224,0.8833016176836007
material viability,0.4,4.0,0.5071184347276698,0.6453655430340038,0.12475438695298431,0.008633938054066499,-0.047506352237946664,0.008633938054066499,-0.047506352237946664,-0.01903657609990395,0.8597093212360389
material viability,0.4,5.0,0.5138338881993976,0.7895546439159127,0.11917108652487203,0.02752406590152011,-0.04784214988937935,0.02752406590152011,-0.04784214988937935,-0.009116434190666647,0.8482799723412696
material viability,0.4,6.0,0.5216246773749605,0.8311272844621633,0.11407412406987848,0.031563127920968645,-0.04814863084771654,0.031563127920968645,-0.04814863084771654,-0.006569010397010449,0.8418408363906715
material viability,0.4,7.0,0.5296278335480762,0.8381600504552323,0.10951038982060503,0.03219735172297204,-0.04842299937754329,0.03219735172297204,-0.04842299937754329,-0.005724217484292096,0.8367036715768357
material viability,0.4,8.0,0.5376711320853153,0.8392111590866499,0.10549605158479475,0.03229104830390729,-0.04866430308612822,0.03229104830390729,-0.04866430308612822,-0.005136947655883326,0.8321647185532434
material viability,0.4,9.0,0.545721696903487,0.8393651560211912,0.10202088935468404,0.03230475226373557,-0.04887317170505517,0.03230475226373557,-0.04887317170505517,-0.004572617285704433,0.8281225242673798
material viability,0.4,10.0,0.5537683544753615,0.8393876513848529,0.09905453721912168,0.03230675359294402,-0.04905144195197269,0.03230675359294402,-0.04905144195197269,-0.003997847881979471,0.8245686462503244
material viability,0.4,11.0,0.5618033555657462,0.8393909360124324,0.09655322225896038,0.032307045803438045,-0.04920175296021784,0.032307045803438045,-0.04920175296021784,-0.003409836306662816,0.8215072867689867
material viability,0.4,12.0,0.5698197444467984,0.8393914155822253,0.09446593267967208,0.03230708846720321,-0.04932717620630601,0.03230708846720321,-0.04932717620630601,-0.0028103603719446847,0.8189433133587825
material viability,0.4,13.0,0.5778110078852046,0.8393914856008375,0.09273940801995548,0.032307094696234634,-0.04943091625499002,0.032307094696234634,-0.04943091625499002,-0.002201793764731015,0.8168805826467032
material viability,0.4,14.0,0.5857710337083842,0.839391495823749,0.09132175553659794,0.03230709560569038,-0.04951609399833163,0.03230709560569038,-0.04951609399833163,-0.00158643964266654,0.815321850910107
material viability,0.4,15.0,0.593694098455184,0.8393914973163218,0.0901647789402422,0.03230709573847339,-0.049585607169687275,0.03230709573847339,-0.049585607169687275,-0.0009663927465686124,0.8142689507025657
material viability,0.4,16.0,0.6015748495254416,0.8393914975342418,0.08922525186829317,0.032307095757860095,-0.04964205416233278,0.032307095757860095,-0.04964205416233278,-0.00034350663035489365,0.8137230140084629
material viability,0.4,17.0,0.6094082816354311,0.8393914975660586,0.08846541091833446,0.032307095760690595,-0.0496877046504356,0.032307095760690595,-0.0496877046504356,0.00028060577114895693,0.8136846932650572
material viability,0.4,18.0,0.6171897109444829,0.839391497570704,0.08785292299998354,0.03230709576110386,-0.04972450172253442,0.03230709576110386,-0.04972450172253442,0.0009045562167064626,0.814154363805105
material viability,0.4,19.0,0.6249147495057278,0.8393914975713822,0.08736053343384034,0.0323070957611642,-0.04975408314209168,0.0323070957611642,-0.04975408314209168,0.001527157916381184,0.8151323011704131
material viability,0.4,20.0,0.632579281651572,0.8393914975714811,0.08696554694839755,0.032307095761173,-0.049777812608589725,0.032307095761173,-0.049777812608589725,0.0021473997623898886,0.8166188316204301
material viability,0.4,21.0,0.640179443113235,0.8393914975714956,0.08664924519418526,0.032307095761174284,-0.04979681480538292,0.032307095761174284,-0.04979681480538292,0.0027644209385345245,0.8186144569157803
material viability,0.4,22.0,0.6477116031258097,0.8393914975714976,0.0863963060272644,0.032307095761174465,-0.04981201032265278,0.032307095761174465,-0.04981201032265278,0.0033774875261613907,0.8211199559124641
material viability,0.4,23.0,0.6551723494329627,0.8393914975714976,0.0861942619245578,0.032307095761174465,-0.04982414821693588,0.032307095761174465,-0.04982414821693588,0.00398597186205454,0.8241364661156706
material viability,0.4,24.0,0.6625584759189388,0.8393914975714976,0.08603301593684122,0.032307095761174465,-0.04983383510569739,0.032307095761174465,-0.04983383510569739,0.004589334860020142,0.8276655484366982
material viability,0.4,25.0,0.6698669725100382,0.8393914975714976,0.08590442148278551,0.032307095761174465,-0.049841560421140706,0.032307095761174465,-0.049841560421140706,0.005187111191474792,0.8317092381995378
material viability,0.4,26.0,0.6770950169656386,0.8393914975714976,0.08580192507995567,0.032307095761174465,-0.04984771787948798,0.032307095761174465,-0.04984771787948798,0.005778897056345232,0.8362700851053899
material viability,0.4,27.0,0.6842399681937943,0.8393914975714976,0.08572026720481259,0.032307095761174465,-0.04985262345584052,0.032307095761174465,-0.04985262345584052,0.006364340208020881,0.8413511844769378
material viability,0.4,28.0,0.6912993607608654,0.8393914975714976,0.08565523468842301,0.032307095761174465,-0.04985653026154274,0.032307095761174465,-0.04985653026154274,0.00694313188575647,0.8469562017231292
material viability,0.4,29.0,0.6982709003073584,0.8393914975714976,0.08560345755655156,0.032307095761174465,-0.049859640750600565,0.032307095761174465,-0.049859640750600565,0.00751500032879408,0.8530893916171531
material viability,0.4,30.0,0.7051524596265197,0.8393914975714976,0.08556224345594267,0.032307095761174465,-0.0498621166675077,0.032307095761174465,-0.0498621166675077,0.008079705582151524,0.8597556136768874
material viability,0.4,31.0,0.7119420752044144,0.8393914975714976,0.08552944341612646,0.032307095761174465,-0.04986408711221094,0.032307095761174465,-0.04986408711221094,0.008637035344668503,0.8669603446807218
material viability,0.4,32.0,0.7186379440584069,0.8393914975714976,0.08550334345874921,0.032307095761174465,-0.049865655052047785,0.032307095761174465,-0.049865655052047785,0.009186801649990035,0.8747096891396706
material viability,0.4,33.0,0.725238420744383,0.8393914975714976,0.0854825773562103,0.032307095761174465,-0.04986690256299165,0.032307095761174465,-0.04986690256299165,0.009728838207878163,0.8830103883741972
material viability,0.4,34.0,0.7317420144316553,0.8393914975714976,0.08546605658869418,0.032307095761174465,-0.04986789503761221,0.032307095761174465,-0.04986789503761221,0.010262998265394693,0.8918698287054727
material viability,0.4,35.0,0.7381473859685591,0.8393914975714976,0.0854529142200984,0.032307095761174465,-0.04986868455680218,0.032307095761174465,-0.04986868455680218,0.01078915287483885,0.901296049160275
material viability,0.4,36.0,0.7444533448817419,0.8393914975714976,0.0854424599969365,0.032307095761174465,-0.04986931258725035,0.032307095761174465,-0.04986931258725035,0.011307189478102402,0.9112977490013453
material viability,0.4,37.0,0.7506588462685844,0.8393914975714976,0.0854341444702238,0.032307095761174465,-0.04986981213683895,0.032307095761174465,-0.04986981213683895,0.011817010735803518,0.921884295326283
material viability,0.4,38.0,0.7567629875555761,0.8393914975714976,0.08542753035510568,0.032307095761174465,-0.04987020947522204,0.032307095761174465,-0.04987020947522204,0.01231853354473987,0.9330657309243272
material viability,0.4,39.0,0.7627650051062761,0.8393914975714976,0.08542226968581096,0.032307095761174465,-0.04987052550624337,0.032307095761174465,-0.04987052550624337,0.012811688199420218,0.9448527825384901
material viability,0.4,40.0,0.7686642706711316,0.8393914975714976,0.08541808560442085,0.032307095761174465,-0.04987077686197442,0.032307095761174465,-0.04987077686197442,0.013296417663203473,0.9572568696480797
material viability,0.4,41.0,0.7744602876782828,0.8393914975714976,0.08541475785060355,0.032307095761174465,-0.04987097677441536,0.032307095761174465,-0.04987097677441536,0.013772676922344325,0.9702901138615809
material viability,0.4,42.0,0.7801526873698259,0.8393914975714976,0.08541211120464942,0.032307095761174465,-0.04987113576977588,0.032307095761174465,-0.04987113576977588,0.014240432402394794,0.9839653489906433
material viability,0.4,43.0,0.7857412247921436,0.8393914975714976,0.08541000628553752,0.032307095761174465,-0.0498712622212776,0.032307095761174465,-0.0498712622212776,0.014699661431261517,0.9982961318612116
material viability,0.4,44.0,0.7912257746520214,0.8393914975714976,0.08540833222591859,0.032307095761174465,-0.04987136278920094,0.032307095761174465,-0.04987136278920094,0.015150351737028866,1.0132967539067181
material viability,0.4,45.0,0.796606327052538,0.8393914975714976,0.08540700084230837,0.032307095761174465,-0.04987144277110773,0.032307095761174465,-0.04987144277110773,0.015592500971639056,1.0289822535798652
material viability,0.4,46.0,0.8018829831243213,0.8393914975714976,0.0854059419959963,0.032307095761174465,-0.04987150638053188,0.032307095761174465,-0.04987150638053188,0.01602611625384634,1.045368429613334
material viability,0.4,47.0,0.8070559505687953,0.8393914975714976,0.0854050999019218,0.032307095761174465,-0.04987155696872154,0.032307095761174465,-0.04987155696872154,0.016451213726667607,1.0624718551551982
material viability,0.4,48.0,0.8121255391306059,0.8393914975714976,0.08540443019209282,0.032307095761174465,-0.049871597201052206,0.032307095761174465,-0.049871597201052206,0.01686781812594466,1.0803098928016364
material viability,0.4,49.0,0.8170921560166318,0.8393914975714976,0.08540389757948239,0.032307095761174465,-0.04987162919736681,0.032307095761174465,-0.04987162919736681,0.01727596235770547,1.0989007105472863
material viability,0.4,50.0,0.8219563012788813,0.8393914975714976,0.08540347399973106,0.032307095761174465,-0.049871654643611554,0.032307095761174465,-0.049871654643611554,0.017675687082826734,1.118263298672199
material viability,0.4,51.0,0.8267185631782304,0.8393914975714976,0.0854031371330004,0.032307095761174465,-0.049871674880634626,0.032307095761174465,-0.049871674880634626,0.018067040308115134,1.1384174875835327
material viability,0.4,52.0,0.8313796135454299,0.8393914975714976,0.08540286922825668,0.032307095761174465,-0.04987169097481654,0.032307095761174465,-0.04987169097481654,0.01845007698338396,1.1593839666298231
material viability,0.4,53.0,0.8359402031551224,0.8393914975714976,0.08540265616813554,0.032307095761174465,-0.049871703774247725,0.032307095761174465,-0.049871703774247725,0.018824858604437177,1.1811843039056875
material viability,0.4,54.0,0.8404011571277992,0.8393914975714976,0.08540248672517715,0.032307095761174465,-0.04987171395340967,0.032307095761174465,-0.04987171395340967,0.01919145282211206,1.203840967065208
material viability,0.4,55.0,0.8447633703737455,0.8393914975714976,0.08540235197028062,0.032307095761174465,-0.049871722048711604,0.032307095761174465,-0.049871722048711604,0.019549933057697734,1.227377345162771
material viability,0.4,56.0,0.8490278030920634,0.8393914975714976,0.08540224480223152,0.032307095761174465,-0.049871728486753815,0.032307095761174465,-0.049871728486753815,0.01990037812515352,1.251817771540918
material viability,0.4,57.0,0.8531954763368662,0.8393914975714976,0.08540215957352675,0.032307095761174465,-0.04987173360680595,0.032307095761174465,-0.04987173360680595,0.02024287186061415,1.2771875477856596
material viability,0.4,58.0,0.8572674676617215,0.8393914975714976,0.08540209179278953,0.032307095761174465,-0.04987173767868418,0.032307095761174465,-0.04987173767868418,0.020577502759697837,1.3035129687706926
material viability,0.4,59.0,0.8612449068523856,0.8393914975714976,0.08540203788809901,0.032307095761174465,-0.049871740916969054,0.032307095761174465,-0.049871740916969054,0.020904363623136076,1.3308213488130984
material viability,0.4,60.0,0.8651289717568533,0.8393914975714976,0.08540199501876644,0.032307095761174465,-0.04987174349231285,0.032307095761174465,-0.04987174349231285,0.02122355121122837,1.3591410489642406
material viability,0.4,61.0,0.8689208842207253,0.8393914975714976,0.0854019609256419,0.032307095761174465,-0.04987174554043239,0.032307095761174465,-0.04987174554043239,0.021535165907594498,1.3885015054608585
material viability,0.4,62.0,0.8726219061349152,0.8393914975714976,0.08540193381206458,0.032307095761174465,-0.04987174716926071,0.032307095761174465,-0.04987174716926071,0.021839311392657434,1.418933259362617
material viability,0.4,63.0,0.8762333356017535,0.8393914975714976,0.08540191224918359,0.032307095761174465,-0.04987174846463501,0.032307095761174465,-0.04987174846463501,0.02213609432724293,1.4504679874037192
material viability,0.4,64.0,0.8797565032246178,0.8393914975714976,0.08540189510066103,0.032307095761174465,-0.049871749494819956,0.032307095761174465,-0.049871749494819956,0.02242562404663067,1.4831385340876184
material viability,0.4,65.0,0.8831927685253407,0.8393914975714976,0.08540188146278936,0.032307095761174465,-0.04987175031410512,0.032307095761174465,-0.04987175031410512,0.022708012265338882,1.5169789450552016
material viability,0.4,66.0,0.8865435164928013,0.8393914975714976,0.08540187061686769,0.032307095761174465,-0.049871750965665936,0.032307095761174465,-0.049871750965665936,0.022983372792870084,1.5520245017583603
material viability,0.4,67.0,0.8898101542653113,0.8393914975714976,0.08540186199132742,0.032307095761174465,-0.049871751483838954,0.032307095761174465,-0.049871751483838954,0.02325182126059189,1.5883117574723125
material viability,0.4,68.0,0.8929941079486632,0.8393914975714976,0.08540185513161146,0.032307095761174465,-0.04987175189593137,0.032307095761174465,-0.04987175189593137,0.02351347485987494,1.6258785746815771
material viability,0.4,69.0,0.896096819571006,0.8393914975714976,0.08540184967621968,0.032307095761174465,-0.04987175222366005,0.032307095761174465,-0.04987175222366005,0.023768452091559332,1.6647641638760795
material viability,0.4,70.0,0.899119744175067,0.8393914975714976,0.08540184533765825,0.032307095761174465,-0.04987175248429595,0.032307095761174465,-0.04987175248429595,0.024016872526773064,1.7050091237954403
material viability,0.4,71.0,0.9020643470476497,0.8393914975714976,0.08540184188728925,0.032307095761174465,-0.049871752691574345,0.032307095761174465,-0.049871752691574345,0.02425885657908227,1.7466554831611716
material viability,0.4,72.0,0.9049321010857704,0.8393914975714976,0.08540183914328148,0.032307095761174465,-0.0498717528564186,0.032307095761174465,-0.0498717528564186,0.02449452528790935,1.78974674393814
material viability,0.4,73.0,0.907724484298317,0.8393914975714976,0.0854018369610284,0.032307095761174465,-0.04987175298751586,0.032307095761174465,-0.04987175298751586,0.024724000113118455,1.8343279261683976
material viability,0.4,74.0,0.9104429774416463,0.8393914975714976,0.0854018352255273,0.032307095761174465,-0.049871753091774815,0.032307095761174465,-0.049871753091774815,0.024947402740631345,1.8804456144222124
material viability,0.4,75.0,0.9130890617871339,0.8393914975714976,0.08540183384531891,0.032307095761174465,-0.04987175317468983,0.032307095761174465,-0.04987175317468983,0.025164854898905104,1.9281480059129403
material viability,0.4,76.0,0.9156642170183338,0.8393914975714976,0.08540183274766748,0.032307095761174465,-0.04987175324063043,0.032307095761174465,-0.04987175324063043,0.02537647818607513,1.977484960324207
material viability,0.4,77.0,0.9181699192550739,0.8393914975714976,0.08540183187472787,0.032307095761174465,-0.04987175329307164,0.032307095761174465,-0.04987175329307164,0.025582393907540406,2.0285080513997635
material viability,0.4,78.0,0.9206076392015433,0.8393914975714976,0.08540183118049689,0.032307095761174465,-0.04987175333477706,0.032307095761174465,-0.04987175333477706,0.025782722923746757,2.081270620348302
material viability,0.4,79.0,0.9229788404151832,0.8393914975714976,0.08540183062838928,0.032307095761174465,-0.04987175336794452,0.032307095761174465,-0.04987175336794452,0.025977585507904008,2.13582783111749
material viability,0.4,80.0,0.9252849776929851,0.8393914975714976,0.08540183018930941,0.032307095761174465,-0.04987175339432192,0.032307095761174465,-0.04987175339432192,0.02616710121335674,2.192236727593556
material viability,1.2,0.0,0.5,0.15,0.15,-0.04559436967823279,-0.045986808734618086,-0.04559436967823279,-0.045986808734618086,-0.04579058920642544,1.0
material viability,1.2,1.0,0.5008669118973473,0.2262300898669872,0.14350131997413967,-0.04054998380697189,-0.04637818190971464,-0.04054998380697189,-0.04637818190971464,-0.0434590303240679,0.9562589613608364
material viability,1.2,2.0,0.5035987006125308,0.3217186394205687,0.13703705401463132,-0.03344499421665617,-0.04676732391942563,-0.03344499421665617,-0.04676732391942563,-0.04005821599197921,0.9169362517805965
material viability,1.2,3.0,0.5093282310618894,0.4581739064193398,0.13074540539071217,-0.01971768116826998,-0.04714593914297732,-0.01971768116826998,-0.04714593914297732,-0.03317595302761047,0.8833849217385423
material viability,1.2,4.0,0.521344239494831,0.6453655430340038,0.12475438695298431,0.008633938054066499,-0.047506352237946664,0.008633938054066499,-0.047506352237946664,-0.018237935290638017,0.860135675368786
material viability,1.2,5.0,0.5414198976038914,0.7895546439159127,0.11917108652487203,0.02752406590152011,-0.04784214988937935,0.02752406590152011,-0.04784214988937935,-0.0070373810530777806,0.8498747799052104
material viability,1.2,6.0,0.5645600436097724,0.8311272844621633,0.11407412406987848,0.031563127920968645,-0.04814863084771654,0.031563127920968645,-0.04814863084771654,-0.003146556841055973,0.8457224648499676
material viability,1.2,7.0,0.5880752197710394,0.8381600504552323,0.10951038982060503,0.03219735172297204,-0.04842299937754329,0.03219735172297204,-0.04842299937754329,-0.0010121686860893805,0.8439631694388072
material viability,1.2,8.0,0.6113562016751061,0.8392111590866499,0.10549605158479475,0.03229104830390729,-0.04866430308612822,0.03229104830390729,-0.04866430308612822,0.0008282530449574069,0.8438538412783531
material viability,1.2,9.0,0.6342176111971057,0.8393651560211912,0.10202088935468404,0.03230475226373557,-0.04887317170505517,0.03230475226373557,-0.04887317170505517,0.002611297316371563,0.8452709211207544
material viability,1.2,10.0,0.656546599528446,0.8393876513848529,0.09905453721912168,0.03230675359294402,-0.04905144195197269,0.03230675359294402,-0.04905144195197269,0.0043640046768127355,0.8481891065584193
material viability,1.2,11.0,0.6782498804938104,0.8393909360124324,0.09655322225896038,0.032307045803438045,-0.04920175296021784,0.032307045803438045,-0.04920175296021784,0.006081580060425806,0.8525967939555879
material viability,1.2,12.0,0.699247154248102,0.8393914155822253,0.09446593267967208,0.03230708846720321,-0.04932717620630601,0.03230708846720321,-0.04932717620630601,0.0077553510557816785,0.8584834150177425
material viability,1.2,13.0,0.7194708508924991,0.8393914856008375,0.09273940801995548,0.032307094696234634,-0.04943091625499002,0.032307094696234634,-0.04943091625499002,0.009377200034347988,0.8658379027106814
material viability,1.2,14.0,0.7388663520579429,0.839391495823749,0.09132175553659794,0.03230709560569038,-0.04951609399833163,0.03230709560569038,-0.04951609399833163,0.010940307618137511,0.8746488723302619
material viability,1.2,15.0,0.7573919044295953,0.8393914973163218,0.0901647789402422,0.03230709573847339,-0.049585607169687275,0.03230709573847339,-0.049585607169687275,0.012439263044811582,0.8849050484349257
material viability,1.2,16.0,0.7750181789420649,0.8393914975342418,0.08922525186829317,0.032307095757860095,-0.04964205416233278,0.032307095757860095,-0.04964205416233278,0.013870026774665367,0.8965956920976189
material viability,1.2,17.0,0.7917275376255098,0.8393914975660586,0.08846541091833446,0.032307095760690595,-0.0496877046504356,0.032307095760690595,-0.0496877046504356,0.015229836777160484,0.9097109802401714
material viability,1.2,18.0,0.8075130828378249,0.839391497570704,0.08785292299998354,0.03230709576110386,-0.04972450172253442,0.03230709576110386,-0.04972450172253442,0.016517086451589884,0.9242423268503447
material viability,1.2,19.0,0.8223775597582687,0.8393914975713822,0.08736053343384034,0.0323070957611642,-0.04975408314209168,0.0323070957611642,-0.04975408314209168,0.01773118891525461,0.9401826467161112
material viability,1.2,20.0,0.8363321750977681,0.8393914975714811,0.08696554694839755,0.032307095761173,-0.049777812608589725,0.032307095761173,-0.049777812608589725,0.018872437350994926,0.957526566689329
material viability,1.2,21.0,0.8493953856662897,0.8393914975714956,0.08664924519418526,0.032307095761174284,-0.04979681480538292,0.032307095761174284,-0.04979681480538292,0.019941867975008493,0.9762705912890561
material viability,1.2,22.0,0.861591700727905,0.8393914975714976,0.0863963060272644,0.032307095761174465,-0.04981201032265278,0.032307095761174465,-0.04981201032265278,0.02094112995036719,0.9964132298682473
material viability,1.2,23.0,0.872950532563167,0.8393914975714976,0.0861942619245578,0.032307095761174465,-0.04982414821693588,0.032307095761174465,-0.04982414821693588,0.02187236495383095,1.0179550922212561
material viability,1.2,24.0,0.8835051207574338,0.8393914975714976,0.08603301593684122,0.032307095761174465,-0.04983383510569739,0.032307095761174465,-0.04983383510569739,0.02273809793896625,1.0408989587927673
material viability,1.2,25.0,0.8932915477252313,0.8393914975714976,0.08590442148278551,0.032307095761174465,-0.049841560421140706,0.032307095761174465,-0.049841560421140706,0.023541139803507506,1.0652498308002798
material viability,1.2,26.0,0.9023478560380878,0.8393914975714976,0.08580192507995567,0.032307095761174465,-0.04984771787948798,0.032307095761174465,-0.04984771787948798,0.024284502072372424,1.0910149647377196
material viability,1.2,27.0,0.9107132723258263,0.8393914975714976,0.08572026720481259,0.032307095761174465,-0.04985262345584052,0.032307095761174465,-0.04985262345584052,0.024971323285658275,1.1182038949560182
material viability,1.2,28.0,0.9184275378696858,0.8393914975714976,0.08565523468842301,0.032307095761174465,-0.04985653026154274,0.032307095761174465,-0.04985653026154274,0.025604806488947068,1.1468284473451642
material viability,1.2,29.0,0.9255303424395291,0.8393914975714976,0.08560345755655156,0.032307095761174465,-0.049859640750600565,0.032307095761174465,-0.049859640750600565,0.02618816703028114,1.1769027465760313
material viability,1.2,30.0,0.9320608553435159,0.8393914975714976,0.08556224345594267,0.032307095761174465,-0.0498621166675077,0.032307095761174465,-0.0498621166675077,0.026724589751672856,1.2084432188919554
material viability,1.2,31.0,0.9380573459278805,0.8393914975714976,0.08552944341612646,0.032307095761174465,-0.04986408711221094,0.032307095761174465,-0.04986408711221094,0.02721719460575148,1.2414685920574013
material viability,1.2,32.0,0.943556884746721,0.8393914975714976,0.08550334345874921,0.032307095761174465,-0.049865655052047785,0.032307095761174465,-0.049865655052047785,0.02766900971634478,1.2759998937606836
material viability,1.2,33.0,0.9485951161772372,0.8393914975714976,0.0854825773562103,0.032307095761174465,-0.04986690256299165,0.032307095761174465,-0.04986690256299165,0.028082950924068803,1.3120604495168633
material viability,1.2,34.0,0.9532060932537192,0.8393914975714976,0.08546605658869418,0.032307095761174465,-0.04986789503761221,0.032307095761174465,-0.04986789503761221,0.028461806904859558,1.3496758809145486
material viability,1.2,35.0,0.9574221658168898,0.8393914975714976,0.0854529142200984,0.032307095761174465,-0.04986868455680218,0.032307095761174465,-0.04986868455680218,0.028808229012927962,1.3888741048868647
material viability,1.2,36.0,0.9612739136238018,0.8393914975714976,0.0854424599969365,0.032307095761174465,-0.04986931258725035,0.032307095761174465,-0.04986931258725035,0.02912472507338763,1.4296853345548055
material viability,1.2,37.0,0.964790116754733,0.8393914975714976,0.0854341444702238,0.032307095761174465,-0.04986981213683895,0.032307095761174465,-0.04986981213683895,0.029413656428628355,1.4721420820842694
material viability,1.2,38.0,0.967997756421682,0.8393914975714976,0.08542753035510568,0.032307095761174465,-0.04987020947522204,0.032307095761174465,-0.04987020947522204,0.02967723762238951,1.5162791639114028
material viability,1.2,39.0,0.9709220400777309,0.8393914975714976,0.08542226968581096,0.032307095761174465,-0.04987052550624337,0.032307095761174465,-0.04987052550624337,0.02991753818345308,1.5621337086206317
material viability,1.2,40.0,0.9735864455106611,0.8393914975714976,0.08541808560442085,0.032307095761174465,-0.04987077686197442,0.032307095761174465,-0.04987077686197442,0.030136486044824967,1.6097451677027044
material viability,1.2,41.0,0.976012779351963,0.8393914975714976,0.08541475785060355,0.032307095761174465,-0.04987097677441536,0.032307095761174465,-0.04987097677441536,0.030335872202832882,1.659155329373914
material viability,1.2,42.0,0.9782212461269352,0.8393914975714976,0.08541211120464942,0.032307095761174465,-0.04987113576977588,0.032307095761174465,-0.04987113576977588,0.03051735628293816,1.7104083356003421
material viability,1.2,43.0,0.9802305246032472,0.8393914975714976,0.08541000628553752,0.032307095761174465,-0.0498712622212776,0.032307095761174465,-0.0498712622212776,0.030682472734894838,1.7635507024409962
material viability,1.2,44.0,0.9820578487597756,0.8393914975714976,0.08540833222591859,0.032307095761174465,-0.04987136278920094,0.032307095761174465,-0.04987136278920094,0.03083263742917512,1.8186313437997237
material viability,1.2,45.0,0.983719091194323,0.8393914975714976,0.08540700084230837,0.032307095761174465,-0.04987144277110773,0.032307095761174465,-0.04987144277110773,0.030969154469546564,1.8757015986569006
material viability,1.2,46.0,0.9852288472202347,0.8393914975714976,0.0854059419959963,0.032307095761174465,-0.04987150638053188,0.032307095761174465,-0.04987150638053188,0.031093223073711776,1.9348152618371275
material viability,1.2,47.0,0.986600518272076,0.8393914975714976,0.0854050999019218,0.032307095761174465,-0.04987155696872154,0.032307095761174465,-0.04987155696872154,0.031205944405494804,1.9960286183579077
material viability,1.2,48.0,0.9878463935545061,0.8393914975714976,0.08540443019209282,0.032307095761174465,-0.049871597201052206,0.032307095761174465,-0.049871597201052206,0.031308328268706484,2.0594004813959637
material viability,1.2,49.0,0.9889777291319872,0.8393914975714976,0.08540389757948239,0.032307095761174465,-0.04987162919736681,0.032307095761174465,-0.04987162919736681,0.031401299595093496,2.1249922339019243
material viability,1.2,50.0,0.9900048238757191,0.8393914975714976,0.08540347399973106,0.032307095761174465,-0.049871654643611554,0.032307095761174465,-0.049871654643611554,0.03148570467720531,2.1928678738902954
material viability,1.2,51.0,0.9909370918639007,0.8393914975714976,0.0854031371330004,0.032307095761174465,-0.049871674880634626,0.032307095761174465,-0.049871674880634626,0.031562317112110175,2.2630940634294214
material viability,1.2,52.0,0.9917831309773482,0.8393914975714976,0.08540286922825668,0.032307095761174465,-0.04987169097481654,0.032307095761174465,-0.04987169097481654,0.03163184343412438,2.3357401813555057
material viability,1.2,53.0,0.9925507875495907,0.8393914975714976,0.08540265616813554,0.032307095761174465,-0.049871703774247725,0.032307095761174465,-0.049871703774247725,0.03169492842451551,2.410878379735106
material viability,1.2,54.0,0.9932472170232264,0.8393914975714976,0.08540248672517715,0.032307095761174465,-0.04987171395340967,0.032307095761174465,-0.04987171395340967,0.031752160093882306,2.488583644102108
material viability,1.2,55.0,0.9938789406364699,0.8393914975714976,0.08540235197028062,0.032307095761174465,-0.049871722048711604,0.032307095761174465,-0.049871722048711604,0.03180407433893542,2.5689338574973557
material viability,1.2,56.0,0.9944518982189555,0.8393914975714976,0.08540224480223152,0.032307095761174465,-0.049871728486753815,0.032307095761174465,-0.049871728486753815,0.03185115928000039,2.6520098683421374
material viability,1.2,57.0,0.9949714972168956,0.8393914975714976,0.08540215957352675,0.032307095761174465,-0.04987173360680595,0.032307095761174465,-0.04987173360680595,0.03189385928898531,2.7378955621802614
material viability,1.2,58.0,0.995442658097277,0.8393914975714976,0.08540209179278953,0.032307095761174465,-0.04987173767868418,0.032307095761174465,-0.04987173767868418,0.031932578720022094,2.8266779373274105
material viability,1.2,59.0,0.995869856301039,0.8393914975714976,0.08540203788809901,0.032307095761174465,-0.049871740916969054,0.032307095761174465,-0.049871740916969054,0.031967685356680285,2.918447184470922
material viability,1.2,60.0,0.996257160927985,0.8393914975714976,0.08540199501876644,0.032307095761174465,-0.04987174349231285,0.032307095761174465,-0.04987174349231285,0.03199951359072367,3.0132967702677815
material viability,1.2,61.0,0.9966082703430765,0.8393914975714976,0.0854019609256419,0.032307095761174465,-0.04987174554043239,0.032307095761174465,-0.04987174554043239,0.0320283673479602,3.1113235249936495
material viability,1.2,62.0,0.996926544896034,0.8393914975714976,0.08540193381206458,0.032307095761174465,-0.04987174716926071,0.032307095761174465,-0.04987174716926071,0.0320545227769319,3.2126277343008947
material viability,1.2,63.0,0.9972150369448777,0.8393914975714976,0.08540191224918359,0.032307095761174465,-0.04987174846463501,0.032307095761174465,-0.04987174846463501,0.032078230716092934,3.3173132351490193
material viability,1.2,64.0,0.9974765183700586,0.8393914975714976,0.08540189510066103,0.032307095761174465,-0.049871749494819956,0.032307095761174465,-0.049871749494819956,0.03209971895480117,3.4254875159763585
material viability,1.2,65.0,0.9977135057598696,0.8393914975714976,0.08540188146278936,0.032307095761174465,-0.04987175031410512,0.032307095761174465,-0.04987175031410512,0.03211919430296277,3.537261821187635
material viability,1.2,66.0,0.9979282834404443,0.8393914975714976,0.08540187061686769,0.032307095761174465,-0.049871750965665936,0.032307095761174465,-0.049871750965665936,0.032136844483565276,3.652751260037684
material viability,1.2,67.0,0.998122924515334,0.8393914975714976,0.08540186199132742,0.032307095761174465,-0.049871751483838954,0.032307095761174465,-0.049871751483838954,0.032152839861652745,3.7720749199976007
material viability,1.2,68.0,0.9982993100707352,0.8393914975714976,0.08540185513161146,0.032307095761174465,-0.04987175189593137,0.032307095761174465,-0.04987175189593137,0.03216733502256544,3.8953559846954637
material viability,1.2,69.0,0.9984591466932234,0.8393914975714976,0.08540184967621968,0.032307095761174465,-0.04987175222366005,0.032307095761174465,-0.04987175222366005,0.032180470211509944,4.022721856529894
material viability,1.2,70.0,0.9986039824375577,0.8393914975714976,0.08540184533765825,0.032307095761174465,-0.04987175248429595,0.032307095761174465,-0.04987175248429595,0.0321923726457625,4.154304284060789
material viability,1.2,71.0,0.9987352213729112,0.8393914975714976,0.08540184188728925,0.032307095761174465,-0.049871752691574345,0.032307095761174465,-0.049871752691574345,0.03220315771005265,4.290239494287857
material viability,1.2,72.0,0.9988541368268903,0.8393914975714976,0.08540183914328148,0.032307095761174465,-0.0498717528564186,0.032307095761174465,-0.0498717528564186,0.03221293004493501,4.430668329933796
material viability,1.2,73.0,0.9989618834380195,0.8393914975714976,0.0854018369610284,0.032307095761174465,-0.04987175298751586,0.032307095761174465,-0.04987175298751586,0.03222178453724396,4.575736391855386
material viability,1.2,74.0,0.9990595081190552,0.8393914975714976,0.0854018352255273,0.032307095761174465,-0.049871753091774815,0.032307095761174465,-0.049871753091774815,0.03222980722104288,4.725594186712219
material viability,1.2,75.0,0.9991479600255891,0.8393914975714976,0.08540183384531891,0.032307095761174465,-0.04987175317468983,0.032307095761174465,-0.04987175317468983,0.032237076096830034,4.880397280029317
material viability,1.2,76.0,0.99922809961694,0.8393914975714976,0.08540183274766748,0.032307095761174465,-0.04987175324063043,0.032307095761174465,-0.04987175324063043,0.03224366187615054,5.0403064547965615
material viability,1.2,77.0,0.999300706889319,0.8393914975714976,0.08540183187472787,0.032307095761174465,-0.04987175329307164,0.032307095761174465,-0.04987175329307164,0.03224962865818714,5.2054878757546605
material viability,1.2,78.0,0.9993664888546965,0.8393914975714976,0.08540183118049689,0.032307095761174465,-0.04987175333477706,0.032307095761174465,-0.04987175333477706,0.032255034544363965,5.376113259524122
material viability,1.2,79.0,0.9994260863326796,0.8393914975714976,0.08540183062838928,0.032307095761174465,-0.04987175336794452,0.032307095761174465,-0.04987175336794452,0.0322599321964946,5.552360050740805
material viability,1.2,80.0,0.999480080117039,0.8393914975714976,0.08540183018930941,0.032307095761174465,-0.04987175339432192,0.032307095761174465,-0.04987175339432192,0.03226436934353967,5.734411604368651
engagement proxy,0.0,0.0,0.5,0.15,0.15,0.9898592419558198,0.9996702183654522,-0.04559436967823279,-0.045986808734618086,-0.04579058920642544,1.0
engagement proxy,0.0,1.0,0.5,0.2262300898669872,0.14350131997413967,0.978094729974778,0.9997065277040755,-0.04054998380697189,-0.04637818190971464,-0.043464082858343266,0.9562578407752316
engagement proxy,0.0,2.0,0.5,0.3217186394205687,0.13703705401463132,0.9437028145472574,0.9997386790075878,-0.03344499421665617,-0.04676732391942563,-0.0401061590680409,0.9169171351853951
engagement proxy,0.0,3.0,0.5,0.4581739064193398,0.13074540539071217,0.8052028888357591,0.9997665866605013,-0.01971768116826998,-0.04714593914297732,-0.03343181015562365,0.8832599656734331
engagement proxy,0.0,4.0,0.5,0.6453655430340038,0.12475438695298431,0.3771998631993433,0.999790386378143,0.008633938054066499,-0.047506352237946664,-0.019436207091940085,0.8594961440050799
engagement proxy,0.0,5.0,0.5,0.7895546439159127,0.11917108652487203,0.12123031833586638,0.9998103770217917,0.02752406590152011,-0.04784214988937935,-0.01015904199392962,0.8474825523172907
engagement proxy,0.0,6.0,0.5,0.8311272844621633,0.11407412406987848,0.08261272866902894,0.9998269572977312,0.031563127920968645,-0.04814863084771654,-0.008292751463373948,0.8398998364730802
engagement proxy,0.0,7.0,0.5,0.8381600504552323,0.10951038982060503,0.07730628260854738,0.9998405691694898,0.03219735172297204,-0.04842299937754329,-0.008112823827285624,0.833073059289423
engagement proxy,0.0,8.0,0.5,0.8392111590866499,0.10549605158479475,0.07654053103229247,0.9998516545303976,0.03229104830390729,-0.04866430308612822,-0.008186627391110465,0.826317554747151
engagement proxy,0.0,9.0,0.5,0.8393651560211912,0.10202088935468404,0.07642892743839776,0.9998606266584052,0.03230475226373557,-0.04887317170505517,-0.0082842097206598,0.8195421947848085
engagement proxy,0.0,10.0,0.5,0.8393876513848529,0.09905453721912168,0.07641263725367875,0.9998678546279998,0.03230675359294402,-0.04905144195197269,-0.008372344179514334,0.8127460841520772
engagement proxy,0.0,11.0,0.5,0.8393909360124324,0.09655322225896038,0.07641025893269754,0.9998736573938865,0.032307045803438045,-0.04920175296021784,-0.008447353578389896,0.8059403153188867
engagement proxy,0.0,12.0,0.5,0.8393914155822253,0.09446593267967208,0.07640991169325752,0.9998783041771583,0.03230708846720321,-0.04932717620630601,-0.008510043869551398,0.7991363589196324
engagement proxy,0.0,13.0,0.5,0.8393914856008375,0.09273940801995548,0.07640986099539039,0.9998820184046836,0.032307094696234634,-0.04943091625499002,-0.008561910779377693,0.7923443462395217
engagement proxy,0.0,14.0,0.5,0.839391495823749,0.09132175553659794,0.0764098535933639,0.9998849832631878,0.03230709560569038,-0.04951609399833163,-0.008604499196320625,0.7855728748643228
engagement proxy,0.0,15.0,0.5,0.8393914973163218,0.0901647789402422,0.07640985251264791,0.999887347652545,0.03230709573847339,-0.049585607169687275,-0.008639255715606944,0.7788290901907563
engagement proxy,0.0,16.0,0.5,0.8393914975342418,0.08922525186829317,0.0764098523548603,0.9998892318607592,0.032307095757860095,-0.04964205416233278,-0.008667479202236341,0.7721188354832669
engagement proxy,0.0,17.0,0.5,0.8393914975660586,0.08846541091833446,0.07640985233182296,0.9998907326383918,0.032307095760690595,-0.0496877046504356,-0.008690304444872503,0.7654468209865432
engagement proxy,0.0,18.0,0.5,0.839391497570704,0.08785292299998354,0.0764098523284594,0.9998919275633359,0.03230709576110386,-0.04972450172253442,-0.008708702980715279,0.7588167920592411
engagement proxy,0.0,19.0,0.5,0.8393914975713822,0.08736053343384034,0.07640985232796833,0.9998928787030527,0.0323070957611642,-0.04975408314209168,-0.00872349369046374,0.7522316858622716
engagement proxy,0.0,20.0,0.5,0.8393914975714811,0.08696554694839755,0.07640985232789668,0.9998936356373395,0.032307095761173,-0.049777812608589725,-0.008735358423708362,0.7456937713796662
engagement proxy,0.0,21.0,0.5,0.8393914975714956,0.08664924519418526,0.07640985232788625,0.9998942379258511,0.032307095761174284,-0.04979681480538292,-0.008744859522104319,0.739204770890786
engagement proxy,0.0,22.0,0.5,0.8393914975714976,0.0863963060272644,0.07640985232788475,0.9998947171072163,0.032307095761174465,-0.04981201032265278,-0.00875245728073916,0.7327659630791924
engagement proxy,0.0,23.0,0.5,0.8393914975714976,0.0861942619245578,0.07640985232788475,0.9998950983102336,0.032307095761174465,-0.04982414821693588,-0.008758526227880706,0.7263782691301315
engagement proxy,0.0,24.0,0.5,0.8393914975714976,0.08603301593684122,0.07640985232788475,0.9998954015476965,0.032307095761174465,-0.04983383510569739,-0.008763369672261462,0.7200423237274014
engagement proxy,0.0,25.0,0.5,0.8393914975714976,0.08590442148278551,0.07640985232788475,0.9998956427526959,0.032307095761174465,-0.049841560421140706,-0.00876723232998312,0.7137585330336738
engagement proxy,0.0,26.0,0.5,0.8393914975714976,0.08580192507995567,0.07640985232788475,0.9998958346071329,0.032307095761174465,-0.04984771787948798,-0.008770311059156759,0.7075271216848502
engagement proxy,0.0,27.0,0.5,0.8393914975714976,0.08572026720481259,0.07640985232788475,0.9998959872032318,0.032307095761174465,-0.04985262345584052,-0.008772763847333026,0.701348170655517
engagement proxy,0.0,28.0,0.5,0.8393914975714976,0.08565523468842301,0.07640985232788475,0.9998961085712029,0.032307095761174465,-0.04985653026154274,-0.008774717250184139,0.6952216476270544
engagement proxy,0.0,29.0,0.5,0.8393914975714976,0.08560345755655156,0.07640985232788475,0.9998962050998413,0.032307095761174465,-0.049859640750600565,-0.00877627249471305,0.6891474312531806
engagement proxy,0.0,30.0,0.5,0.8393914975714976,0.08556224345594267,0.07640985232788475,0.9998962818716066,0.032307095761174465,-0.0498621166675077,-0.008777510453166618,0.6831253304923564
engagement proxy,0.0,31.0,0.5,0.8393914975714976,0.08552944341612646,0.07640985232788475,0.9998963429294632,0.032307095761174465,-0.04986408711221094,-0.00877849567551824,0.6771550999736651
engagement proxy,0.0,32.0,0.5,0.8393914975714976,0.08550334345874921,0.07640985232788475,0.9998963914893184,0.032307095761174465,-0.049865655052047785,-0.00877927964543666,0.6712364521866815
engagement proxy,0.0,33.0,0.5,0.8393914975714976,0.0854825773562103,0.07640985232788475,0.9998964301091068,0.032307095761174465,-0.04986690256299165,-0.008779903400908593,0.6653690671366155
engagement proxy,0.0,34.0,0.5,0.8393914975714976,0.08546605658869418,0.07640985232788475,0.9998964608233464,0.032307095761174465,-0.04986789503761221,-0.008780399638218871,0.6595525999817364
engagement proxy,0.0,35.0,0.5,0.8393914975714976,0.0854529142200984,0.07640985232788475,0.999896485250202,0.032307095761174465,-0.04986868455680218,-0.008780794397813856,0.6537866870679047
engagement proxy,0.0,36.0,0.5,0.8393914975714976,0.0854424599969365,0.07640985232788475,0.9998965046766636,0.032307095761174465,-0.04986931258725035,-0.008781108413037943,0.6480709506917918
engagement proxy,0.0,37.0,0.5,0.8393914975714976,0.0854341444702238,0.07640985232788475,0.9998965201263095,0.032307095761174465,-0.04986981213683895,-0.008781358187832242,0.6424050028570752
engagement proxy,0.0,38.0,0.5,0.8393914975714976,0.08542753035510568,0.07640985232788475,0.9998965324132096,0.032307095761174465,-0.04987020947522204,-0.008781556857023788,0.636788448233758
engagement proxy,0.0,39.0,0.5,0.8393914975714976,0.08542226968581096,0.07640985232788475,0.9998965421848007,0.032307095761174465,-0.04987052550624337,-0.008781714872534454,0.6312208864874254
engagement proxy,0.0,40.0,0.5,0.8393914975714976,0.08541808560442085,0.07640985232788475,0.9998965499559919,0.032307095761174465,-0.04987077686197442,-0.008781840550399978,0.6257019141106568
engagement proxy,0.0,41.0,0.5,0.8393914975714976,0.08541475785060355,0.07640985232788475,0.9998965561362894,0.032307095761174465,-0.04987097677441536,-0.008781940506620449,0.6202311258612718
engagement proxy,0.0,42.0,0.5,0.8393914975714976,0.08541211120464942,0.07640985232788475,0.999896561051371,0.032307095761174465,-0.04987113576977588,-0.008782020004300707,0.6148081158902184
engagement proxy,0.0,43.0,0.5,0.8393914975714976,0.08541000628553752,0.07640985232788475,0.9998965649602461,0.032307095761174465,-0.0498712622212776,-0.008782083230051568,0.6094324786245572
engagement proxy,0.0,44.0,0.5,0.8393914975714976,0.08540833222591859,0.07640985232788475,0.9998965680689014,0.032307095761174465,-0.04987136278920094,-0.00878213351401324,0.6041038094572477
engagement proxy,0.0,45.0,0.5,0.8393914975714976,0.08540700084230837,0.07640985232788475,0.9998965705411557,0.032307095761174465,-0.04987144277110773,-0.008782173504966632,0.5988217052845806
engagement proxy,0.0,46.0,0.5,0.8393914975714976,0.0854059419959963,0.07640985232788475,0.9998965725072916,0.032307095761174465,-0.04987150638053188,-0.008782205309678708,0.5935857649234796
engagement proxy,0.0,47.0,0.5,0.8393914975714976,0.0854050999019218,0.07640985232788475,0.999896574070921,0.032307095761174465,-0.04987155696872154,-0.008782230603773537,0.5883955894341174
engagement proxy,0.0,48.0,0.5,0.8393914975714976,0.08540443019209282,0.07640985232788475,0.9998965753144444,0.032307095761174465,-0.049871597201052206,-0.00878225071993887,0.5832507823679149
engagement proxy,0.0,49.0,0.5,0.8393914975714976,0.08540389757948239,0.07640985232788475,0.9998965763033939,0.032307095761174465,-0.04987162919736681,-0.008782266718096173,0.5781509499567539
engagement proxy,0.0,50.0,0.5,0.8393914975714976,0.08540347399973106,0.07640985232788475,0.9998965770898856,0.032307095761174465,-0.049871654643611554,-0.008782279441218545,0.5730957012558906
engagement proxy,0.0,51.0,0.5,0.8393914975714976,0.0854031371330004,0.07640985232788475,0.9998965777153663,0.032307095761174465,-0.049871674880634626,-0.00878228955973008,0.5680846482504219
engagement proxy,0.0,52.0,0.5,0.8393914975714976,0.08540286922825668,0.07640985232788475,0.9998965782127985,0.032307095761174465,-0.04987169097481654,-0.00878229760682104,0.5631174059330631
engagement proxy,0.0,53.0,0.5,0.8393914975714976,0.08540265616813554,0.07640985232788475,0.9998965786083964,0.032307095761174465,-0.049871703774247725,-0.00878230400653663,0.5581935923593669
engagement proxy,0.0,54.0,0.5,0.8393914975714976,0.08540248672517715,0.07640985232788475,0.9998965789230074,0.032307095761174465,-0.04987171395340967,-0.008782309096117602,0.5533128286852037
engagement proxy,0.0,55.0,0.5,0.8393914975714976,0.08540235197028062,0.07640985232788475,0.9998965791732111,0.032307095761174465,-0.049871722048711604,-0.00878231314376857,0.5484747391903174
engagement proxy,0.0,56.0,0.5,0.8393914975714976,0.08540224480223152,0.07640985232788475,0.9998965793721927,0.032307095761174465,-0.049871728486753815,-0.008782316362789675,0.5436789512909497
engagement proxy,0.0,57.0,0.5,0.8393914975714976,0.08540215957352675,0.07640985232788475,0.9998965795304389,0.032307095761174465,-0.04987173360680595,-0.008782318922815741,0.5389250955439008
engagement proxy,0.0,58.0,0.5,0.8393914975714976,0.08540209179278953,0.07640985232788475,0.9998965796562888,0.032307095761174465,-0.04987173767868418,-0.008782320958754856,0.5342128056438903
engagement proxy,0.0,59.0,0.5,0.8393914975714976,0.08540203788809901,0.07640985232788475,0.9998965797563747,0.032307095761174465,-0.049871740916969054,-0.008782322577897295,0.5295417184156884
engagement proxy,0.0,60.0,0.5,0.8393914975714976,0.08540199501876644,0.07640985232788475,0.999896579835971,0.032307095761174465,-0.04987174349231285,-0.008782323865569194,0.5249114738021734
engagement proxy,0.0,61.0,0.5,0.8393914975714976,0.0854019609256419,0.07640985232788475,0.9998965798992724,0.032307095761174465,-0.04987174554043239,-0.008782324889628962,0.5203217148492272
engagement proxy,0.0,62.0,0.5,0.8393914975714976,0.08540193381206458,0.07640985232788475,0.9998965799496146,0.032307095761174465,-0.04987174716926071,-0.008782325704043123,0.5157720876881906
engagement proxy,0.0,63.0,0.5,0.8393914975714976,0.08540191224918359,0.07640985232788475,0.9998965799896506,0.032307095761174465,-0.04987174846463501,-0.008782326351730273,0.5112622415164418
engagement proxy,0.0,64.0,0.5,0.8393914975714976,0.08540189510066103,0.07640985232788475,0.9998965800214904,0.032307095761174465,-0.049871749494819956,-0.008782326866822746,0.5067918285765456
engagement proxy,0.0,65.0,0.5,0.8393914975714976,0.08540188146278936,0.07640985232788475,0.999896580046812,0.032307095761174465,-0.04987175031410512,-0.00878232727646533,0.5023605041343225
engagement proxy,0.0,66.0,0.5,0.8393914975714976,0.08540187061686769,0.07640985232788475,0.9998965800669499,0.032307095761174465,-0.049871750965665936,-0.008782327602245735,0.49796792645611687
engagement proxy,0.0,67.0,0.5,0.8393914975714976,0.08540186199132742,0.07640985232788475,0.9998965800829649,0.032307095761174465,-0.049871751483838954,-0.008782327861332245,0.4936137567854796
engagement proxy,0.0,68.0,0.5,0.8393914975714976,0.08540185513161146,0.07640985232788475,0.9998965800957015,0.032307095761174465,-0.04987175189593137,-0.008782328067378452,0.4892976593194368
engagement proxy,0.0,69.0,0.5,0.8393914975714976,0.08540184967621968,0.07640985232788475,0.9998965801058306,0.032307095761174465,-0.04987175222366005,-0.008782328231242791,0.48501930118447933
engagement proxy,0.0,70.0,0.5,0.8393914975714976,0.08540184533765825,0.07640985232788475,0.999896580113886,0.032307095761174465,-0.04987175248429595,-0.008782328361560742,0.48077835241237654
engagement proxy,0.0,71.0,0.5,0.8393914975714976,0.08540184188728925,0.07640985232788475,0.9998965801202925,0.032307095761174465,-0.049871752691574345,-0.00878232846519994,0.47657448591590185
engagement proxy,0.0,72.0,0.5,0.8393914975714976,0.08540183914328148,0.07640985232788475,0.9998965801253873,0.032307095761174465,-0.0498717528564186,-0.008782328547622068,0.4724073774645292
engagement proxy,0.0,73.0,0.5,0.8393914975714976,0.0854018369610284,0.07640985232788475,0.999896580129439,0.032307095761174465,-0.04987175298751586,-0.008782328613170697,0.46827670566015467
engagement proxy,0.0,74.0,0.5,0.8393914975714976,0.0854018352255273,0.07640985232788475,0.9998965801326614,0.032307095761174465,-0.049871753091774815,-0.008782328665300175,0.4641821519128839
engagement proxy,0.0,75.0,0.5,0.8393914975714976,0.08540183384531891,0.07640985232788475,0.9998965801352241,0.032307095761174465,-0.04987175317468983,-0.008782328706757683,0.4601234004169113
engagement proxy,0.0,76.0,0.5,0.8393914975714976,0.08540183274766748,0.07640985232788475,0.999896580137262,0.032307095761174465,-0.04987175324063043,-0.008782328739727983,0.45610013812652084
engagement proxy,0.0,77.0,0.5,0.8393914975714976,0.08540183187472787,0.07640985232788475,0.9998965801388828,0.032307095761174465,-0.04987175329307164,-0.008782328765948588,0.45211205473222116
engagement proxy,0.0,78.0,0.5,0.8393914975714976,0.08540183118049689,0.07640985232788475,0.9998965801401718,0.032307095761174465,-0.04987175333477706,-0.008782328786801297,0.44815884263703476
engagement proxy,0.0,79.0,0.5,0.8393914975714976,0.08540183062838928,0.07640985232788475,0.999896580141197,0.032307095761174465,-0.04987175336794452,-0.008782328803385028,0.4442401969329484
engagement proxy,0.0,80.0,0.5,0.8393914975714976,0.08540183018930941,0.07640985232788475,0.9998965801420121,0.032307095761174465,-0.04987175339432192,-0.008782328816573728,0.44035581537753327
engagement proxy,0.4,0.0,0.5,0.15,0.15,0.9898592419558198,0.9996702183654522,-0.04559436967823279,-0.045986808734618086,-0.04579058920642544,1.0
engagement proxy,0.4,1.0,0.4985447034875708,0.2262300898669872,0.14350131997413967,0.978094729974778,0.9997065277040755,-0.04054998380697189,-0.04637818190971464,-0.043472564614715936,0.9562555857087957
engagement proxy,0.4,2.0,0.4950903631204017,0.3217186394205687,0.13703705401463132,0.9437028145472574,0.9997386790075878,-0.03344499421665617,-0.04676732391942563,-0.040171566869271785,0.9168895034940366
engagement proxy,0.4,3.0,0.48455924192492966,0.4581739064193398,0.13074540539071217,0.8052028888357591,0.9997665866605013,-0.01971768116826998,-0.04714593914297732,-0.03385532325143173,0.8830741163108143
engagement proxy,0.4,4.0,0.4469819715753124,0.6453655430340038,0.12475438695298431,0.3771998631993433,0.999790386378143,0.008633938054066499,-0.047506352237946664,-0.02241265459841225,0.8582165767144213
engagement proxy,0.4,5.0,0.37186203613530017,0.7895546439159127,0.11917108652487203,0.12123031833586638,0.9998103770217917,0.02752406590152011,-0.04784214988937935,-0.019816315429563063,0.8411893127371175
engagement proxy,0.4,6.0,0.2918229764401223,0.8311272844621633,0.11407412406987848,0.08261272866902894,0.9998269572977312,0.031563127920968645,-0.04814863084771654,-0.02488690814656181,0.8228700964435804
engagement proxy,0.4,7.0,0.22158916378108115,0.8381600504552323,0.10951038982060503,0.07730628260854738,0.9998405691694898,0.03219735172297204,-0.04842299937754329,-0.03055840319344293,0.8004461635642295
engagement proxy,0.4,8.0,0.16413873007477306,0.8392111590866499,0.10549605158479475,0.07654053103229247,0.9998516545303976,0.03229104830390729,-0.04866430308612822,-0.035376394516210774,0.7745162206827273
engagement proxy,0.4,9.0,0.1192475516821334,0.8393651560211912,0.10202088935468404,0.07642892743839776,0.9998606266584052,0.03230475226373557,-0.04887317170505517,-0.039192903021138495,0.7461813467682736
engagement proxy,0.4,10.0,0.0853565599036107,0.8393876513848529,0.09905453721912168,0.07641263725367875,0.9998678546279998,0.03230675359294402,-0.04905144195197269,-0.042106986260293335,0.7164602685881301
engagement proxy,0.4,11.0,0.060424766549841774,0.8393909360124324,0.09655322225896038,0.07641025893269754,0.9998736573938865,0.032307045803438045,-0.04920175296021784,-0.044276602823165895,0.686173323128962
engagement proxy,0.4,12.0,0.04243125942606348,0.8393914155822253,0.09446593267967208,0.07640991169325752,0.9998783041771583,0.03230708846720321,-0.04932717620630601,-0.04586333154388841,0.6559324448721136
engagement proxy,0.4,13.0,0.029623846192693464,0.8393914856008375,0.09273940801995548,0.07640986099539039,0.9998820184046836,0.032307094696234634,-0.04943091625499002,-0.04700952199047425,0.6261679565811028
engagement proxy,0.4,14.0,0.02059749549572769,0.839391495823749,0.09132175553659794,0.0764098535933639,0.9998849832631878,0.03230709560569038,-0.04951609399833163,-0.04783074121901672,0.597166582552802
engagement proxy,0.4,15.0,0.014280222295476454,0.8393914973163218,0.0901647789402422,0.07640985251264791,0.999887347652545,0.03230709573847339,-0.049585607169687275,-0.04841616116778133,0.5691083095372687
engagement proxy,0.4,16.0,0.009880544164837222,0.8393914975342418,0.08922525186829317,0.0764098523548603,0.9998892318607592,0.032307095757860095,-0.04964205416233278,-0.04883235196727544,0.5420970840277219
engagement proxy,0.4,17.0,0.006826820708979119,0.8393914975660586,0.08846541091833446,0.07640985233182296,0.9998907326383918,0.032307095760690595,-0.0496877046504356,-0.049127940848960314,0.5161843444833882
engagement proxy,0.4,18.0,0.004712315572095638,0.839391497570704,0.08785292299998354,0.0764098523284594,0.9998919275633359,0.03230709576110386,-0.04972450172253442,-0.049337942948308386,0.4913861720681323
engagement proxy,0.4,19.0,0.0032505614543160335,0.8393914975713822,0.08736053343384034,0.07640985232796833,0.9998928787030527,0.0323070957611642,-0.04975408314209168,-0.04948733823705303,0.46769538885096135
engagement proxy,0.4,20.0,0.002241200548325553,0.8393914975714811,0.08696554694839755,0.07640985232789668,0.9998936356373395,0.032307095761173,-0.049777812608589725,-0.049593843866942156,0.44508990635074575
engagement proxy,0.4,21.0,0.001544770019110084,0.8393914975714956,0.08664924519418526,0.07640985232788625,0.9998942379258511,0.032307095761174284,-0.04979681480538292,-0.04966998314588801,0.4235383980618086
engagement proxy,0.4,22.0,0.0010645128100269551,0.8393914975714976,0.0863963060272644,0.07640985232788475,0.9998947171072163,0.032307095761174465,-0.04981201032265278,-0.04972459348227858,0.40300410895278693
engagement proxy,0.4,23.0,0.0007334520308362637,0.8393914975714976,0.0861942619245578,0.07640985232788475,0.9998950983102336,0.032307095761174465,-0.04982414821693588,-0.04976390888924502,0.3834473887146044
engagement proxy,0.4,24.0,0.0005052971823670908,0.8393914975714976,0.08603301593684122,0.07640985232788475,0.9998954015476965,0.032307095761174465,-0.04983383510569739,-0.049792329524773346,0.3648273600329415
engagement proxy,0.4,25.0,0.0003480892128779159,0.8393914975714976,0.08590442148278551,0.07640985232788475,0.9998956427526959,0.032307095761174465,-0.049841560421140706,-0.04981296536007123,0.34710300485013235
engagement proxy,0.4,26.0,0.0002397797832790954,0.8393914975714976,0.08580192507995567,0.07640985232788475,0.9998958346071329,0.032307095761174465,-0.04984771787948798,-0.049828018816077894,0.3302338609893144
engagement proxy,0.4,27.0,0.00016516560586952964,0.8393914975714976,0.08572026720481259,0.07640985232788475,0.9998959872032318,0.032307095761174465,-0.04985262345584052,-0.04983905349603797,0.3141804589222773
engagement proxy,0.4,28.0,0.00011376701580216388,0.8393914975714976,0.08565523468842301,0.07640985232788475,0.9998961085712029,0.032307095761174465,-0.04985653026154274,-0.04984718275100265,0.29890458580940493
engagement proxy,0.4,29.0,7.836209174889126e-05,0.8393914975714976,0.08560345755655156,0.07640985232788475,0.9998962050998413,0.032307095761174465,-0.049859640750600565,-0.049853201993255325,0.2843694351298576
engagement proxy,0.4,30.0,5.3974767854192835e-05,0.8393914975714976,0.08556224345594267,0.07640985232788475,0.9998962818716066,0.032307095761174465,-0.0498621166675077,-0.0498576816033421,0.27053968086864383
engagement proxy,0.4,31.0,3.7176814573986955e-05,0.8393914975714976,0.08552944341612646,0.07640985232788475,0.9998963429294632,0.032307095761174465,-0.04986408711221094,-0.04986103224938194,0.2573815022731711
engagement proxy,0.4,32.0,2.560656032644863e-05,0.8393914975714976,0.08550334345874921,0.07640985232788475,0.9998963914893184,0.032307095761174465,-0.049865655052047785,-0.0498635508905469,0.24486257653657464
engagement proxy,0.4,33.0,1.763716235463728e-05,0.8393914975714976,0.0854825773562103,0.07640985232788475,0.9998964301091068,0.032307095761174465,-0.04986690256299165,-0.049865453246841884,0.23295205098667301
engagement proxy,0.4,34.0,1.2148008224590669e-05,0.8393914975714976,0.08546605658869418,0.07640985232788475,0.9998964608233464,0.032307095761174465,-0.04986789503761221,-0.04986689677514813,0.22162050250164825
engagement proxy,0.4,35.0,8.367210231309669e-06,0.8393914975714976,0.0854529142200984,0.07640985232788475,0.999896485250202,0.032307095761174465,-0.04986868455680218,-0.04986799697477234,0.21083988929665268
engagement proxy,0.4,36.0,5.763094756177273e-06,0.8393914975714976,0.0854424599969365,0.07640985232788475,0.9998965046766636,0.032307095761174465,-0.04986931258725035,-0.04986883899682232,0.2005834985025732
engagement proxy,0.4,37.0,3.9694512972530415e-06,0.8393914975714976,0.0854341444702238,0.07640985232788475,0.9998965201263095,0.032307095761174465,-0.04986981213683895,-0.04986948593960529,0.19082589180473677
engagement proxy,0.4,38.0,2.7340405142220613e-06,0.8393914975714976,0.08542753035510568,0.07640985232788475,0.9998965324132096,0.032307095761174465,-0.04987020947522204,-0.04986998479914018,0.18154285063608155
engagement proxy,0.4,39.0,1.8831254024307174e-06,0.8393914975714976,0.08542226968581096,0.07640985232788475,0.9998965421848007,0.032307095761174465,-0.04987052550624337,-0.049870370755477254,0.17271132190021227
engagement proxy,0.4,40.0,1.2970401474795685e-06,0.8393914975714976,0.08541808560442085,0.07640985232788475,0.9998965499559919,0.032307095761174465,-0.04987077686197442,-0.0498706702739744,0.1643093648508247
engagement proxy,0.4,41.0,8.933620801737904e-07,0.8393914975714976,0.08541475785060355,0.07640985232788475,0.9998965561362894,0.032307095761174465,-0.04987097677441536,-0.04987090335964154,0.15631609951924358
engagement proxy,0.4,42.0,6.153207392071533e-07,0.8393914975714976,0.08541211120464942,0.07640985232788475,0.999896561051371,0.032307095761174465,-0.04987113576977588,-0.049871085203805704,0.1487116569238545
engagement proxy,0.4,43.0,4.23814247816226e-07,0.8393914975714976,0.08541000628553752,0.07640985232788475,0.9998965649602461,0.032307095761174465,-0.0498712622212776,-0.049871227392918625,0.1414771311890197
engagement proxy,0.4,44.0,2.919103713602906e-07,0.8393914975714976,0.08540833222591859,0.07640985232788475,0.9998965680689014,0.032307095761174465,-0.04987136278920094,-0.04987133880045659,0.13459453362985632
engagement proxy,0.4,45.0,2.01058982055837e-07,0.8393914975714976,0.08540700084230837,0.07640985232788475,0.9998965705411557,0.032307095761174465,-0.04987144277110773,-0.04987142624837442,0.1280467488117566
engagement proxy,0.4,46.0,1.3848330525495118e-07,0.8393914975714976,0.0854059419959963,0.07640985232788475,0.9998965725072916,0.032307095761174465,-0.04987150638053188,-0.04987149500016743,0.12181749256213194
engagement proxy,0.4,47.0,9.538308233688766e-08,0.8393914975714976,0.0854050999019218,0.07640985232788475,0.999896574070921,0.032307095761174465,-0.04987155696872154,-0.04987154913026834,0.11589127189143372
engagement proxy,0.4,48.0,6.569696072597219e-08,0.8393914975714976,0.08540443019209282,0.07640985232788475,0.9998965753144444,0.032307095761174465,-0.049871597201052206,-0.049871591802161844,0.11025334676755602
engagement proxy,0.4,49.0,4.525006427022321e-08,0.8393914975714976,0.08540389757948239,0.07640985232788475,0.9998965763033939,0.032307095761174465,-0.04987162919736681,-0.049871625478774224,0.10488969367988317
engagement proxy,0.4,50.0,3.116686494802803e-08,0.8393914975714976,0.08540347399973106,0.07640985232788475,0.9998965770898856,0.032307095761174465,-0.049871654643611554,-0.04987165208235754,0.09978697092489314
engagement proxy,0.4,51.0,2.1466786439687157e-08,0.8393914975714976,0.0854031371330004,0.07640985232788475,0.9998965777153663,0.032307095761174465,-0.049871674880634626,-0.04987167311652051,0.09493248554325244
engagement proxy,0.4,52.0,1.4785668025725647e-08,0.8393914975714976,0.08540286922825668,0.07640985232788475,0.9998965782127985,0.032307095761174465,-0.04987169097481654,-0.04987168975974829,0.0903141618379766
engagement proxy,0.4,53.0,1.0183917330999436e-08,0.8393914975714976,0.08540265616813554,0.07640985232788475,0.9998965786083964,0.032307095761174465,-0.049871703774247725,-0.04987170293734562,0.08592051140395571
engagement proxy,0.4,54.0,7.01437174551871e-09,0.8393914975714976,0.08540248672517715,0.07640985232788475,0.9998965789230074,0.032307095761174465,-0.04987171395340967,-0.04987171337697695,0.08174060460058934
engagement proxy,0.4,55.0,4.83128538165224e-09,0.8393914975714976,0.08540235197028062,0.07640985232788475,0.9998965791732111,0.032307095761174465,-0.049871722048711604,-0.049871721651682285,0.07776404340119074
engagement proxy,0.4,56.0,3.3276420565508173e-09,0.8393914975714976,0.08540224480223152,0.07640985232788475,0.9998965793721927,0.032307095761174465,-0.049871728486753815,-0.0498717282132921,0.07398093555502469
engagement proxy,0.4,57.0,2.291978381672869e-09,0.8393914975714976,0.08540215957352675,0.07640985232788475,0.9998965795304389,0.032307095761174465,-0.04987173360680595,-0.04987173341845385,0.07038187000021946
engagement proxy,0.4,58.0,1.5786448213937977e-09,0.8393914975714976,0.08540209179278953,0.07640985232788475,0.9998965796562888,0.032307095761174465,-0.04987173767868418,-0.04987173754895299,0.06695789346825175
engagement proxy,0.4,59.0,1.0873224160238069e-09,0.8393914975714976,0.08540203788809901,0.07640985232788475,0.9998965797563747,0.032307095761174465,-0.049871740916969054,-0.04987174082761416,0.06370048822318808
engagement proxy,0.4,60.0,7.489145247481823e-10,0.8393914975714976,0.08540199501876644,0.07640985232788475,0.999896579835971,0.032307095761174465,-0.04987174349231285,-0.04987174343076793,0.06060155088133512
engagement proxy,0.4,61.0,5.158294881414251e-10,0.8393914975714976,0.0854019609256419,0.07640985232788475,0.9998965798992724,0.032307095761174465,-0.04987174554043239,-0.04987174549804212,0.05765337225937634
engagement proxy,0.4,62.0,3.5528762230893713e-10,0.8393914975714976,0.08540193381206458,0.07640985232788475,0.9998965799496146,0.032307095761174465,-0.04987174716926071,-0.04987174714006359,0.05484861820143737
engagement proxy,0.4,63.0,2.447112804892148e-10,0.8393914975714976,0.08540191224918359,0.07640985232788475,0.9998965799896506,0.032307095761174465,-0.04987174846463501,-0.049871748444524924,0.052180311337812646
engagement proxy,0.4,64.0,1.6854966803099616e-10,0.8393914975714976,0.08540189510066103,0.07640985232788475,0.9998965800214904,0.032307095761174465,-0.049871749494819956,-0.04987174948096874,0.04964181373029639
engagement proxy,0.4,65.0,1.1609187175821126e-10,0.8393914975714976,0.08540188146278936,0.07640985232788475,0.999896580046812,0.032307095761174465,-0.04987175031410512,-0.049871750304564824,0.04722681036118576
engagement proxy,0.4,66.0,7.996054127794132e-11,0.8393914975714976,0.08540187061686769,0.07640985232788475,0.9998965800669499,0.032307095761174465,-0.049871750965665936,-0.049871750959094865,0.044929293425062834
engagement proxy,0.4,67.0,5.507438259465148e-11,0.8393914975714976,0.08540186199132742,0.07640985232788475,0.9998965800829649,0.032307095761174465,-0.049871751483838954,-0.049871751479313005,0.042743547384414424
engagement proxy,0.4,68.0,3.793355534696819e-11,0.8393914975714976,0.08540185513161146,0.07640985232788475,0.9998965800957015,0.032307095761174465,-0.04987175189593137,-0.04987175189281404,0.04066413475201492
engagement proxy,0.4,69.0,2.612747621408121e-11,0.8393914975714976,0.08540184967621968,0.07640985232788475,0.9998965801058306,0.032307095761174465,-0.04987175222366005,-0.049871752221512924,0.03868588256477983
engagement proxy,0.4,70.0,1.7995808910299013e-11,0.8393914975714976,0.08540184533765825,0.07640985232788475,0.999896580113886,0.032307095761174465,-0.04987175248429595,-0.049871752482817076,0.03680386951549934
engagement proxy,0.4,71.0,1.239496443057407e-11,0.8393914975714976,0.08540184188728925,0.07640985232788475,0.9998965801202925,0.032307095761174465,-0.049871752691574345,-0.04987175269055574,0.03501341371048324
engagement proxy,0.4,72.0,8.537273539653862e-12,0.8393914975714976,0.08540183914328148,0.07640985232788475,0.9998965801253873,0.032307095761174465,-0.0498717528564186,-0.049871752855717016,0.03331006102269452
engagement proxy,0.4,73.0,5.8802136866860835e-12,0.8393914975714976,0.0854018369610284,0.07640985232788475,0.999896580129439,0.032307095761174465,-0.04987175298751586,-0.04987175298703263,0.03168957401142297
engagement proxy,0.4,74.0,4.050111881786065e-12,0.8393914975714976,0.0854018352255273,0.07640985232788475,0.9998965801326614,0.032307095761174465,-0.049871753091774815,-0.049871753091441984,0.03014792138095273
engagement proxy,0.4,75.0,2.7895935639373443e-12,0.8393914975714976,0.08540183384531891,0.07640985232788475,0.9998965801352241,0.032307095761174465,-0.04987175317468983,-0.04987175317446059,0.028681267952014415
engagement proxy,0.4,76.0,1.9213869836401943e-12,0.8393914975714976,0.08540183274766748,0.07640985232788475,0.999896580137262,0.032307095761174465,-0.04987175324063043,-0.049871753240472536,0.027285965121084336
engagement proxy,0.4,77.0,1.323392765391794e-12,0.8393914975714976,0.08540183187472787,0.07640985232788475,0.9998965801388828,0.032307095761174465,-0.04987175329307164,-0.04987175329296288,0.02595854178380441
engagement proxy,0.4,78.0,9.115125825261316e-13,0.8393914975714976,0.08540183118049689,0.07640985232788475,0.9998965801401718,0.032307095761174465,-0.04987175333477706,-0.04987175333470215,0.024695695699949276
engagement proxy,0.4,79.0,6.27822072049019e-13,0.8393914975714976,0.08540183062838928,0.07640985232788475,0.999896580141197,0.032307095761174465,-0.04987175336794452,-0.04987175336789293,0.0234942852784634
engagement proxy,0.4,80.0,4.324246990199283e-13,0.8393914975714976,0.08540183018930941,0.07640985232788475,0.9998965801420121,0.032307095761174465,-0.04987175339432192,-0.049871753394286386,0.02235132176213561
engagement proxy,1.2,0.0,0.5,0.15,0.15,0.9898592419558198,0.9996702183654522,-0.04559436967823279,-0.045986808734618086,-0.04579058920642544,1.0
engagement proxy,1.2,1.0,0.4956342004855144,0.2262300898669872,0.14350131997413967,0.978094729974778,0.9997065277040755,-0.04054998380697189,-0.04637818190971464,-0.043489527602790554,0.9562510756603856
engagement proxy,1.2,2.0,0.48527465710801554,0.3217186394205687,0.13703705401463132,0.9437028145472574,0.9997386790075878,-0.03344499421665617,-0.04676732391942563,-0.040302334941034246,0.9168342519381141
engagement proxy,1.2,3.0,0.4537883933141207,0.4581739064193398,0.13074540539071217,0.8052028888357591,0.9997665866605013,-0.01971768116826998,-0.04714593914297732,-0.03469931402522966,0.8827030976599693
engagement proxy,1.2,4.0,0.34530156335313295,0.6453655430340038,0.12475438695298431,0.3771998631993433,0.999790386378143,0.008633938054066499,-0.047506352237946664,-0.028121022233015807,0.8557077539179244
engagement proxy,1.2,5.0,0.17026326159315514,0.7895546439159127,0.11917108652487203,0.12123031833586638,0.9998103770217917,0.02752406590152011,-0.04784214988937935,-0.03501005217488725,0.830038643100558
engagement proxy,1.2,6.0,0.06350895083077854,0.8311272844621633,0.11407412406987848,0.08261272866902894,0.9998269572977312,0.031563127920968645,-0.04814863084771654,-0.04308622067944123,0.7980835910915015
engagement proxy,1.2,7.0,0.02135822714134007,0.8381600504552323,0.10951038982060503,0.07730628260854738,0.9998405691694898,0.03219735172297204,-0.04842299937754329,-0.0467010916065239,0.7629037465530835
engagement proxy,1.2,8.0,0.006940980787671905,0.8392111590866499,0.10549605158479475,0.07654053103229247,0.9998516545303976,0.03229104830390729,-0.04866430308612822,-0.04810239354747076,0.727532305407194
engagement proxy,1.2,9.0,0.0022311375032293456,0.8393651560211912,0.10202088935468404,0.07642892743839776,0.9998606266584052,0.03230475226373557,-0.04887317170505517,-0.0486920525944541,0.6931444190327676
engagement proxy,1.2,10.0,0.0007146963075338145,0.8393876513848529,0.09905453721912168,0.07641263725367875,0.9998678546279998,0.03230675359294402,-0.04905144195197269,-0.04899329555002912,0.6600987447823135
engagement proxy,1.2,11.0,0.00022868320781524413,0.8393909360124324,0.09655322225896038,0.07641025893269754,0.9998736573938865,0.032307045803438045,-0.04920175296021784,-0.049183113266651396,0.628477433828436
engagement proxy,1.2,12.0,7.314615088142428e-05,0.8393914155822253,0.09446593267967208,0.07640991169325752,0.9998783041771583,0.03230708846720321,-0.04932717620630601,-0.04932120497406511,0.598273679269087
engagement proxy,1.2,13.0,2.3393630930903064e-05,0.8393914856008375,0.09273940801995548,0.07640986099539039,0.9998820184046836,0.032307094696234634,-0.04943091625499002,-0.0494290041061288,0.5694516334257782
engagement proxy,1.2,14.0,7.481460243626847e-06,0.839391495823749,0.09132175553659794,0.0764098535933639,0.9998849832631878,0.03230709560569038,-0.04951609399833163,-0.049515481841391595,0.5419654376549533
engagement proxy,1.2,15.0,2.392592077738108e-06,0.8393914973163218,0.0901647789402422,0.07640985251264791,0.999887347652545,0.03230709573847339,-0.049585607169687275,-0.04958541123385507,0.5157655517445905
engagement proxy,1.2,16.0,7.651528194022575e-07,0.8393914975342418,0.08922525186829317,0.0764098523548603,0.9998892318607592,0.032307095757860095,-0.04964205416233278,-0.04964199145870967,0.4908011319805805
engagement proxy,1.2,17.0,2.4469565695210705e-07,0.8393914975660586,0.08846541091833446,0.07640985233182296,0.9998907326383918,0.032307095760690595,-0.0496877046504356,-0.049687684586664047,0.46702113226365016
engagement proxy,1.2,18.0,7.82534389240453e-08,0.839391497570704,0.08785292299998354,0.0764098523284594,0.9998919275633359,0.03230709576110386,-0.04972450172253442,-0.04972449530327982,0.4443749434800653
engagement proxy,1.2,19.0,2.502533835955177e-08,0.8393914975713822,0.08736053343384034,0.07640985232796833,0.9998928787030527,0.0323070957611642,-0.04975408314209168,-0.049754081088482914,0.4228128242292648
engagement proxy,1.2,20.0,8.00305857734421e-09,0.8393914975714811,0.08696554694839755,0.07640985232789668,0.9998936356373395,0.032307095761173,-0.049777812608589725,-0.049777811951659395,0.40228620800197273
engagement proxy,1.2,21.0,2.559361616321157e-09,0.8393914975714956,0.08664924519418526,0.07640985232788625,0.9998942379258511,0.032307095761174284,-0.04979681480538292,-0.049796814595249324,0.382747922007542
engagement proxy,1.2,22.0,8.184779966566856e-10,0.8393914975714976,0.0863963060272644,0.07640985232788475,0.9998947171072163,0.032307095761174465,-0.04981201032265278,-0.0498120102554401,0.36415233758974913
engagement proxy,1.2,23.0,2.61747249503365e-10,0.8393914975714976,0.0861942619245578,0.07640985232788475,0.9998950983102336,0.032307095761174465,-0.04982414821693588,-0.04982414819543825,0.3464554667148968
engagement proxy,1.2,24.0,8.370608989912948e-11,0.8393914975714976,0.08603301593684122,0.07640985232788475,0.9998954015476965,0.032307095761174465,-0.04983383510569739,-0.049833835098821694,0.3296150162202362
engagement proxy,1.2,25.0,2.6768980656595715e-11,0.8393914975714976,0.08590442148278551,0.07640985232788475,0.9998956427526959,0.032307095761174465,-0.049841560421140706,-0.049841560418941666,0.31359040945433875
engagement proxy,1.2,26.0,8.560645095753248e-12,0.8393914975714976,0.08580192507995567,0.07640985232788475,0.9998958346071329,0.032307095761174465,-0.04984771787948798,-0.049847717878784684,0.29834278317920115
engagement proxy,1.2,27.0,2.737669743143915e-12,0.8393914975714976,0.08572026720481259,0.07640985232788475,0.9998959872032318,0.032307095761174465,-0.04985262345584052,-0.04985262345561559,0.28383496606610364
engagement proxy,1.2,28.0,8.754987775598368e-13,0.8393914975714976,0.08565523468842301,0.07640985232788475,0.9998961085712029,0.032307095761174465,-0.04985653026154274,-0.049856530261470806,0.27003144380269667
engagement proxy,1.2,29.0,2.799819098683447e-13,0.8393914975714976,0.08560345755655156,0.07640985232788475,0.9998962050998413,0.032307095761174465,-0.049859640750600565,-0.049859640750577555,0.2568983147335246
engagement proxy,1.2,30.0,8.953737369122405e-14,0.8393914975714976,0.08556224345594267,0.07640985232788475,0.9998962818716066,0.032307095761174465,-0.0498621166675077,-0.049862116667500345,0.2444032390636061
engagement proxy,1.2,31.0,2.86337806198249e-14,0.8393914975714976,0.08552944341612646,0.07640985232788475,0.9998963429294632,0.032307095761174465,-0.04986408711221094,-0.04986408711220859,0.232515383939995
engagement proxy,1.2,32.0,9.156995583159544e-15,0.8393914975714976,0.08550334345874921,0.07640985232788475,0.9998963914893184,0.032307095761174465,-0.049865655052047785,-0.049865655052047035,0.22120536616186112
engagement proxy,1.2,33.0,2.928379055970506e-15,0.8393914975714976,0.0854825773562103,0.07640985232788475,0.9998964301091068,0.032307095761174465,-0.04986690256299165,-0.04986690256299141,0.21044519382878757
engagement proxy,1.2,34.0,9.364865844246948e-16,0.8393914975714976,0.08546605658869418,0.07640985232788475,0.9998964608233464,0.032307095761174465,-0.04986789503761221,-0.04986789503761214,0.2002082078956843
engagement proxy,1.2,35.0,2.9948550897465075e-16,0.8393914975714976,0.0854529142200984,0.07640985232788475,0.999896485250202,0.032307095761174465,-0.04986868455680218,-0.049868684556802156,0.19046902434041504
engagement proxy,1.2,36.0,9.57745354559468e-17,0.8393914975714976,0.0854424599969365,0.07640985232788475,0.9998965046766636,0.032307095761174465,-0.04986931258725035,-0.049869312587250345,0.18120347744993337
engagement proxy,1.2,37.0,3.0628398247797025e-17,0.8393914975714976,0.0854341444702238,0.07640985232788475,0.9998965201263095,0.032307095761174465,-0.04986981213683895,-0.04986981213683895,0.1723885645786564
engagement proxy,1.2,38.0,9.794866226284864e-18,0.8393914975714976,0.08542753035510568,0.07640985232788475,0.9998965324132096,0.032307095761174465,-0.04987020947522204,-0.04987020947522204,0.16400239261800742
engagement proxy,1.2,39.0,3.132367623946285e-18,0.8393914975714976,0.08542226968581096,0.07640985232788475,0.9998965421848007,0.032307095761174465,-0.04987052550624337,-0.04987052550624337,0.15602412632990362
engagement proxy,1.2,40.0,1.0017213707048604e-18,0.8393914975714976,0.08541808560442085,0.07640985232788475,0.9998965499559919,0.032307095761174465,-0.04987077686197442,-0.04987077686197442,0.14843393863272109
engagement proxy,1.2,41.0,3.203473589597572e-19,0.8393914975714976,0.08541475785060355,0.07640985232788475,0.9998965561362894,0.032307095761174465,-0.04987097677441536,-0.04987097677441536,0.14121296288072924
engagement proxy,1.2,42.0,1.0244608198389499e-19,0.8393914975714976,0.08541211120464942,0.07640985232788475,0.999896561051371,0.032307095761174465,-0.04987113576977588,-0.04987113576977588,0.134343247143121
engagement proxy,1.2,43.0,3.2761935946736605e-20,0.8393914975714976,0.08541000628553752,0.07640985232788475,0.9998965649602461,0.032307095761174465,-0.0498712622212776,-0.0498712622212776,0.12780771046351644
engagement proxy,1.2,44.0,1.0477164391273132e-20,0.8393914975714976,0.08540833222591859,0.07640985232788475,0.9998965680689014,0.032307095761174465,-0.04987136278920094,-0.04987136278920094,0.12159010106280367
engagement proxy,1.2,45.0,3.3505643094644654e-21,0.8393914975714976,0.08540700084230837,0.07640985232788475,0.9998965705411557,0.032307095761174465,-0.04987144277110773,-0.04987144277110773,0.11567495643562732
engagement proxy,1.2,46.0,1.0714999537007492e-21,0.8393914975714976,0.0854059419959963,0.07640985232788475,0.9998965725072916,0.032307095761174465,-0.04987150638053188,-0.04987150638053188,0.11004756528236598
engagement proxy,1.2,47.0,3.4266232257053264e-22,0.8393914975714976,0.0854050999019218,0.07640985232788475,0.999896574070921,0.032307095761174465,-0.04987155696872154,-0.04987155696872154,0.10469393121301945
engagement proxy,1.2,48.0,1.0958233520612257e-22,0.8393914975714976,0.08540443019209282,0.07640985232788475,0.9998965753144444,0.032307095761174465,-0.049871597201052206,-0.049871597201052206,0.0996007381562723
engagement proxy,1.2,49.0,3.504408679102329e-23,0.8393914975714976,0.08540389757948239,0.07640985232788475,0.9998965763033939,0.032307095761174465,-0.04987162919736681,-0.04987162919736681,0.0947553174055143
engagement proxy,1.2,50.0,1.1206988930468515e-23,0.8393914975714976,0.08540347399973106,0.07640985232788475,0.9998965770898856,0.032307095761174465,-0.049871654643611554,-0.049871654643611554,0.09014561623333496
engagement proxy,1.2,51.0,3.583959870999336e-24,0.8393914975714976,0.0854031371330004,0.07640985232788475,0.9998965777153663,0.032307095761174465,-0.049871674880634626,-0.049871674880634626,0.08576016800662806
engagement proxy,1.2,52.0,1.1461391126066123e-24,0.8393914975714976,0.08540286922825668,0.07640985232788475,0.9998965782127985,0.032307095761174465,-0.04987169097481654,-0.04987169097481654,0.08158806373569089
engagement proxy,1.2,53.0,3.6653168896509193e-25,0.8393914975714976,0.08540265616813554,0.07640985232788475,0.9998965786083964,0.032307095761174465,-0.049871703774247725,-0.049871703774247725,0.07761892499239073
engagement proxy,1.2,54.0,1.17215683050357e-25,0.8393914975714976,0.08540248672517715,0.07640985232788475,0.9998965789230074,0.032307095761174465,-0.04987171395340967,-0.04987171395340967,0.07384287813445164
engagement proxy,1.2,55.0,3.7485207314051003e-26,0.8393914975714976,0.08540235197028062,0.07640985232788475,0.9998965791732111,0.032307095761174465,-0.049871722048711604,-0.049871722048711604,0.07025052977508892
engagement proxy,1.2,56.0,1.1987651570244736e-26,0.8393914975714976,0.08540224480223152,0.07640985232788475,0.9998965793721927,0.032307095761174465,-0.049871728486753815,-0.049871728486753815,0.06683294343950077
engagement proxy,1.2,57.0,3.833613321996295e-27,0.8393914975714976,0.08540215957352675,0.07640985232788475,0.9998965795304389,0.032307095761174465,-0.04987173360680595,-0.04987173360680595,0.06358161735206268
engagement proxy,1.2,58.0,1.2259774997474098e-27,0.8393914975714976,0.08540209179278953,0.07640985232788475,0.9998965796562888,0.032307095761174465,-0.04987173767868418,-0.04987173767868418,0.060488463300416344
engagement proxy,1.2,59.0,3.920637538081795e-28,0.8393914975714976,0.08540203788809901,0.07640985232788475,0.9998965797563747,0.032307095761174465,-0.049871740916969054,-0.049871740916969054,0.0575457865249708
engagement proxy,1.2,60.0,1.2538075704020907e-28,0.8393914975714976,0.08540199501876644,0.07640985232788475,0.999896579835971,0.032307095761174465,-0.04987174349231285,-0.04987174349231285,0.054746266584617176
engagement proxy,1.2,61.0,4.00963722911208e-29,0.8393914975714976,0.0854019609256419,0.07640985232788475,0.9998965798992724,0.032307095761174465,-0.04987174554043239,-0.04987174554043239,0.05208293915168504
engagement proxy,1.2,62.0,1.2822693918464362e-29,0.8393914975714976,0.08540193381206458,0.07640985232788475,0.9998965799496146,0.032307095761174465,-0.04987174716926071,-0.04987174716926071,0.04954917869132709
engagement proxy,1.2,63.0,4.100657239597249e-30,0.8393914975714976,0.08540191224918359,0.07640985232788475,0.9998965799896506,0.032307095761174465,-0.04987174846463501,-0.04987174846463501,0.04713868198260281
engagement proxy,1.2,64.0,1.3113773051760072e-30,0.8393914975714976,0.08540189510066103,0.07640985232788475,0.9998965800214904,0.032307095761174465,-0.049871749494819956,-0.049871749494819956,0.044845452440539064
engagement proxy,1.2,65.0,4.193743431814029e-31,0.8393914975714976,0.08540188146278936,0.07640985232788475,0.999896580046812,0.032307095761174465,-0.04987175031410512,-0.04987175031410512,0.042663785200371084
engagement proxy,1.2,66.0,1.341145976978323e-31,0.8393914975714976,0.08540187061686769,0.07640985232788475,0.9998965800669499,0.032307095761174465,-0.049871750965665936,-0.049871750965665936,0.04058825292701367
engagement proxy,1.2,67.0,4.2889427089862597e-32,0.8393914975714976,0.08540186199132742,0.07640985232788475,0.9998965800829649,0.032307095761174465,-0.049871751483838954,-0.049871751483838954,0.03861369231457872
engagement proxy,1.2,68.0,1.3715904067411827e-32,0.8393914975714976,0.08540185513161146,0.07640985232788475,0.9998965800957015,0.032307095761174465,-0.04987175189593137,-0.04987175189593137,0.036735191242442906
engagement proxy,1.2,69.0,4.386303038964441e-33,0.8393914975714976,0.08540184967621968,0.07640985232788475,0.9998965801058306,0.032307095761174465,-0.04987175222366005,-0.04987175222366005,0.034948076555980916
engagement proxy,1.2,70.0,1.4027259344222475e-33,0.8393914975714976,0.08540184533765825,0.07640985232788475,0.999896580113886,0.032307095761174465,-0.04987175248429595,-0.04987175248429595,0.03324790244161764
engagement proxy,1.2,71.0,4.485873478425255e-34,0.8393914975714976,0.08540184188728925,0.07640985232788475,0.9998965801202925,0.032307095761174465,-0.049871752691574345,-0.049871752691574345,0.031630439367318235
engagement proxy,1.2,72.0,1.4345682481859961e-34,0.8393914975714976,0.08540183914328148,0.07640985232788475,0.9998965801253873,0.032307095761174465,-0.0498717528564186,-0.0498717528564186,0.030091663561032517
engagement proxy,1.2,73.0,4.5877041976090484e-35,0.8393914975714976,0.0854018369610284,0.07640985232788475,0.999896580129439,0.032307095761174465,-0.04987175298751586,-0.04987175298751586,0.028627747000941332
engagement proxy,1.2,74.0,1.4671333923134127e-35,0.8393914975714976,0.0854018352255273,0.07640985232788475,0.9998965801326614,0.032307095761174465,-0.049871753091774815,-0.049871753091774815,0.027235047892620084
engagement proxy,1.2,75.0,4.6918465056115446e-36,0.8393914975714976,0.08540183384531891,0.07640985232788475,0.9998965801352241,0.032307095761174465,-0.04987175317468983,-0.04987175317468983,0.025910101609442297
engagement proxy,1.2,76.0,1.5004377752893706e-36,0.8393914975714976,0.08540183274766748,0.07640985232788475,0.999896580137262,0.032307095761174465,-0.04987175324063043,-0.04987175324063043,0.024649612073695034
engagement proxy,1.2,77.0,4.7983528762449045e-37,0.8393914975714976,0.08540183187472787,0.07640985232788475,0.9998965801388828,0.032307095761174465,-0.04987175329307164,-0.04987175329307164,0.023450443556972095
engagement proxy,1.2,78.0,1.5344981780723791e-37,0.8393914975714976,0.08540183118049689,0.07640985232788475,0.9998965801401718,0.032307095761174465,-0.04987175333477706,-0.04987175333477706,0.022309612879452392
engagement proxy,1.2,79.0,4.907276974482784e-38,0.8393914975714976,0.08540183062838928,0.07640985232788475,0.999896580141197,0.032307095761174465,-0.04987175336794452,-0.04987175336794452,0.021224281988661674
engagement proxy,1.2,80.0,1.5693317625512912e-38,0.8393914975714976,0.08540183018930941,0.07640985232788475,0.9998965801420121,0.032307095761174465,-0.04987175339432192,-0.04987175339432192,0.020191750899258797
